00076;ï»¿;11;23;30;;;;70;80
5;12;;;;57;66;;82
;16;27;38;;59;;78;
00157;2;11;21;30;;;;;80
4;;;36;45;58;;72;
5;19;28;38;;59;;;
00283;;11;;31;40;50;;74;
2;;;34;45;51;67;;
4;16;;;49;;68;;90
00325;6;;;31;41;50;;;80
;;25;37;;54;66;;85
9;;29;;49;;69;;90
00369;1;13;;;44;52;;75;
5;16;;;;;66;76;87
7;;26;37;;;;78;90
00573;2;;;;40;53;62;;80
3;;;37;44;;63;74;
4;;29;39;;;;78;89
00637;1;;25;30;42;53;;;
8;;;33;;54;;77;86
9;;;38;;;69;79;87
00758;;10;;31;;;60;71;85
4;;26;;41;54;61;;
7;;29;37;42;;;78;
00840;1;;;;43;51;60;;83
;17;;34;45;;67;;89
9;19;27;;46;;68;;
01069;7;10;;31;42;51;;;
;14;;36;;;66;78;87
;16;29;39;47;;68;;
01619;1;12;;32;;;60;;81
4;13;;33;45;;;;82
7;15;;38;;;68;74;
01753;1;14;;30;40;;;;83
3;17;;31;;54;67;;
5;;29;33;45;55;;;
01769;3;11;22;;44;54;;;
6;;23;36;;;;73;82
9;16;;;49;58;69;;
01868;2;;21;34;;;60;;81
5;;;37;46;;63;73;
;17;;38;;56;65;;84
02011;;13;20;;40;;64;70;
4;17;;;44;;67;;88
6;18;;39;45;;;;90
02052;4;;;;40;53;60;;83
7;;;35;;54;67;;84
;15;;38;48;;69;78;
02063;;11;;;41;52;;73;82
;14;;36;46;;;75;87
;;28;38;;;69;76;89
02117;1;10;20;;;54;60;;
6;;22;;;56;;77;87
7;;;38;;58;69;;88
02140;1;;22;31;;50;;71;
2;15;;34;;;68;;84
8;;;37;47;57;;74;
02196;2;;;30;44;54;;71;
5;16;;33;;55;;;87
;;;36;48;59;69;78;
02851;2;;20;32;40;;;73;
;14;;35;42;;;78;88
4;18;28;;;57;67;;
02954;1;11;;30;;53;61;;
;14;;31;;58;62;74;
8;17;25;36;;;67;;
03225;;10;;30;40;;;72;83
;;24;;44;54;63;;86
8;16;;;47;57;65;;
03363;3;;20;;;52;;70;80
;;24;;43;;64;76;85
9;16;;;46;;;79;88
03457;;13;;30;40;;60;;82
;;;33;43;;67;72;87
;19;;;46;;69;74;88
03484;4;14;;;;52;60;72;
6;;27;;;54;66;;82
;18;29;38;;;69;75;
03512;1;13;22;;;;62;;81
3;17;23;;42;;63;;
6;;;33;48;;;78;89
03805;5;11;25;30;;;60;;
6;;28;;;54;;71;84
9;17;29;;48;;69;;
03843;1;;;33;44;;;70;81
;16;;34;;52;;73;83
8;18;29;;;;67;;87
03995;;12;22;;41;50;;73;
8;;;;42;54;65;74;
9;16;29;;;59;;;88
04020;;14;24;;42;51;60;;
6;15;;34;46;56;;;
8;;28;35;;59;;;89
04109;2;;22;;41;;62;70;
3;12;;37;;;68;71;
;14;;38;49;58;;79;
04116;1;;22;;40;;;70;80
;;26;35;43;;66;;86
6;19;27;39;;59;;;
04435;;12;22;30;41;;;73;
6;;;36;44;58;63;;
;18;28;;46;;69;76;
04573;3;;20;;41;50;;70;
7;;27;;46;53;;;84
8;19;;;;58;;79;90
04646;3;;20;34;;50;60;;
4;14;;;;;61;75;86
5;;;;47;58;65;;88
04882;;12;;;40;54;60;;82
4;14;;;41;;68;;84
7;;;;46;59;69;;88
04935;1;13;20;;;50;;;85
;16;21;34;43;;;72;
5;19;26;;;57;;;88
04972;;11;20;;;50;;71;81
;13;23;36;45;54;;;
6;;;38;48;56;64;;
05019;;;21;;41;;63;71;85
6;13;;;;56;64;77;
7;16;;;43;;;78;89
05123;3;;23;;45;;;74;82
5;;25;;;55;65;;83
;16;;;47;;67;76;86
05239;;10;;34;40;;62;;80
5;12;27;35;;;64;;
6;14;;37;48;;66;;
05497;2;;;35;42;50;62;;
;15;;36;;;63;75;81
9;18;;;45;59;64;;
05641;;11;20;34;;51;62;;
;12;;35;45;;64;;82
;;24;;46;55;69;;85
05950;5;10;21;;42;;;;83
;;24;33;;54;;75;84
9;;;34;49;;;77;86
05999;1;;;;;50;61;72;83
6;;;;;55;64;74;88
;17;;38;48;;68;;90
06085;7;12;20;;45;;;;83
8;;21;33;48;;;;85
9;18;26;;49;;;;88
06172;;10;23;33;43;;;;80
8;13;25;;45;;;77;
9;;28;38;48;;68;;
06238;2;10;;32;;;;71;82
3;12;26;33;;;;;85
9;17;29;39;;;69;;
07055;4;;20;;43;;62;71;
;;22;36;;;64;75;89
;19;;38;;57;;76;90
07178;1;;;34;43;51;;70;
7;14;;;;52;67;71;
;19;28;;49;56;;;87
07451;4;13;;;;50;66;70;
6;;25;38;;52;;76;
;19;28;39;49;;;77;
07634;4;;21;30;;;;72;81
8;16;;32;;;66;;89
;;29;37;;58;68;77;
07665;;;22;30;42;52;;;80
3;15;;;43;;64;76;
7;18;28;38;;;;;86
07677;2;;;31;41;50;;;82
;;24;38;;54;;72;86
;;25;;44;58;68;78;
07723;4;10;;30;42;53;;;
7;;27;31;44;57;;;
;19;28;;45;59;69;;
07821;2;11;;32;;;;72;82
;14;24;;46;55;63;;
;15;29;37;48;;;78;
07878;;10;21;37;;;63;;85
;15;;38;46;;66;73;
6;17;;;49;;69;76;
07941;;13;;30;;53;61;;83
4;14;;;42;;;73;86
9;16;26;;;;66;;88
08081;1;11;;;41;;61;;82
4;;;38;;56;64;74;
;;29;;48;58;68;;90
08088;;12;20;34;40;;60;;
4;13;25;36;;54;;;
;;26;38;;56;68;;90
08132;;;21;30;;51;61;71;
4;;22;;;52;;76;83
;18;24;;;54;;78;86
08201;;11;22;33;;50;;;83
5;14;26;;;;;76;84
;16;;36;;;69;77;90
08212;;14;20;;40;51;;;81
;15;;35;45;;66;76;
;17;28;;47;;;79;86
08645;1;;22;31;;;61;71;
2;;26;32;45;;64;;
;16;;;49;;69;76;90
08657;;11;;30;;50;60;;85
8;12;;31;42;;;;87
;;27;35;;;62;78;88
08784;;11;20;;40;51;60;;
;16;23;34;43;;;;83
9;18;27;;;54;65;;
08825;1;11;;;41;50;;73;
6;;;34;43;;61;;85
;19;29;36;45;;65;;
08870;;10;21;;;51;65;72;
8;12;;34;;;68;74;
;15;;36;48;56;;;85
08897;5;;;;41;54;;70;80
;14;26;35;44;56;;;
8;;28;;;;69;78;82
09054;;14;;30;;;60;71;80
;;22;;44;52;;73;84
6;;;36;48;59;;76;
09116;1;;21;;40;;61;;81
5;16;27;36;;;;;87
;19;;38;;58;;79;90
09221;2;;;30;42;53;61;;
;12;26;;;54;62;71;
4;15;;38;48;58;;;
09225;5;;20;31;;50;;70;
6;;;35;;;66;71;84
7;;;39;46;;68;;88
09290;2;13;22;;;;;72;80
;18;;37;48;;65;77;
;;26;38;;59;67;78;
09317;1;14;21;35;;51;;;
2;;22;;;53;62;;85
7;;;;;59;68;79;90
09342;;17;21;;40;;62;;80
;18;23;33;;53;;;87
;19;24;38;;59;;;90
09346;3;12;21;34;;;61;;
;15;23;36;;57;66;;
;19;;39;;;68;79;88
09367;6;;;32;40;;;70;82
;16;22;;;;63;71;83
;;;39;46;55;65;73;
09545;1;;;;;55;65;72;80
;15;;37;43;;;74;89
;19;29;39;;;;76;90
09608;;10;;;43;;61;71;83
8;12;;;47;54;;;89
9;17;;38;;55;;;90
09751;3;;20;34;41;;;73;
;18;;38;42;55;;;89
;19;;;48;57;66;78;
09914;;11;;30;40;;64;;81
;;;31;;56;66;73;85
8;;22;36;;;69;;88
10065;1;15;;;43;50;;75;
;16;23;36;;54;;76;
5;17;;39;48;;;;90
10107;3;10;20;;;51;;;81
;14;;;46;;65;73;83
7;;;38;47;55;;77;
10183;;;;32;43;50;;70;85
5;15;24;35;;54;;;
6;19;;;48;;;74;90
10192;5;;22;32;;52;;;82
7;18;23;;;;67;;84
8;;24;;49;;69;76;
10243;1;;26;33;43;;;71;
4;;;35;;57;62;72;
9;19;;37;49;;;;88
10327;3;;23;;40;53;60;;
;18;;35;41;;;72;88
;19;26;39;44;;;;90
10417;4;;;;45;50;64;;81
6;;;35;47;;;73;82
;;29;39;49;;;77;86
10430;1;;23;;;;62;71;80
2;14;25;31;;;;;86
5;15;;;;59;69;77;
10464;;;;34;;52;61;70;81
6;;24;;46;56;64;;
9;14;;37;;59;;79;
10728;;;21;30;45;50;;;80
;;23;33;;;62;78;86
;;;34;49;57;;79;89
10779;;;20;30;42;53;;;80
5;;21;;;55;;73;81
9;19;;;49;;68;;84
10782;1;;23;30;42;;;;85
5;13;24;;;;67;;88
;14;28;35;;;68;79;
11271;2;11;21;30;;56;;;
3;;;31;44;58;66;;
9;;29;35;49;;;;87
11396;5;;;31;40;50;;70;
8;16;;;44;54;;;84
;18;;;47;59;67;;90
11602;3;10;20;;44;;;;81
6;;22;;;56;62;75;
;17;;39;48;;64;77;
11670;2;;;30;40;;60;72;
3;;25;33;;54;65;;
;;28;38;45;;67;;88
11787;1;;23;;43;51;;;80
8;;26;34;;;65;77;
9;17;;36;;58;68;;
11945;6;;23;30;;;61;73;
;;27;;47;;64;78;83
9;;29;35;;59;65;;
12304;;10;;;43;51;;70;81
4;12;24;;;;61;;87
8;19;;35;;;62;;89
12512;2;13;21;;;;;74;80
;;22;33;43;;65;75;
;15;27;;49;57;66;;
12714;;;20;32;;;61;73;84
5;15;;35;44;;64;;
;;27;37;;56;66;79;
12735;1;;;;40;51;64;73;
3;;;;42;58;65;76;
8;;27;33;;;66;;86
12882;;12;;35;;52;65;;81
6;;23;;45;55;;;88
7;16;24;;;;69;;90
13055;;;21;32;;55;;72;86
;16;24;;46;;67;74;
;17;28;36;47;59;;;
13101;4;15;;30;;51;61;;
6;18;24;;46;53;;;
8;19;28;37;;;;;90
13131;;;;30;40;;61;72;82
;14;23;32;;55;;;88
;18;28;;44;;69;78;
13149;;;;30;;52;61;75;85
;;22;;;54;62;76;86
9;19;26;;49;57;;;
13352;4;12;20;;;;;71;81
;16;21;34;42;54;;;
;18;24;38;44;;69;;
13421;;11;22;;;51;65;70;
5;15;;;;52;;74;86
6;18;29;36;49;;;;
13476;;;;33;40;54;64;75;
;14;;;44;55;;76;86
;17;;39;;;68;77;87
13519;3;;;32;;;60;70;80
;17;25;;44;;64;71;
7;;26;34;;;68;78;
13616;;11;23;;42;;;72;82
6;12;24;37;;;;;86
;;26;;48;59;65;;88
13822;;;25;32;42;54;;76;
;15;28;34;;56;64;;
7;;29;;;;69;79;89
13859;1;;;31;;;61;71;84
6;;24;33;;56;;72;
8;17;28;;;58;;;88
13937;;11;;31;44;;60;;85
;;26;;45;57;64;77;
;16;;38;48;;68;78;
14138;1;10;;34;;53;;;85
8;13;23;37;44;;;;
;16;24;;;;68;76;89
14267;;;;33;40;52;66;;80
4;;;36;43;56;;72;
7;19;;;47;;68;;89
14280;;12;;31;42;;;70;86
5;;22;;;;67;76;89
7;;29;;49;59;;78;
14305;;;26;35;43;;60;74;
6;16;28;;45;;;;89
7;;29;39;48;;;;90
14527;5;11;;;;51;;71;80
;;;;47;52;68;78;84
8;19;;37;48;;;79;
14532;3;11;22;30;;;;;83
;12;;;46;;65;74;84
6;14;;;49;58;;77;
14607;;11;;32;46;50;65;;
;;27;33;47;;;76;88
6;;28;;;;68;79;90
14714;2;;;32;;;63;71;84
5;;;34;42;;;73;87
8;;24;35;;;;74;88
14721;5;12;20;;42;;;70;
8;;;;;52;66;73;83
;;;33;46;53;67;74;
14842;;15;;31;40;53;;;82
7;16;;36;;57;63;;
8;19;;;49;;64;79;
14981;;;;35;41;54;;70;85
2;17;27;37;;;;;86
5;;28;39;;;;78;89
15171;;16;21;31;;;63;72;
3;;;33;;56;67;76;
;19;;;48;57;69;78;
15194;;11;21;;40;;61;;83
4;16;;31;;53;;;85
8;;;36;;59;;77;86
15229;;10;21;35;;;64;;82
5;;25;;;54;66;72;
6;15;;;;59;67;75;
15241;2;10;20;;41;;;71;
;13;;33;46;53;;;86
4;;;;49;;69;79;88
15280;;15;21;33;;51;;;84
6;;22;;47;57;66;;
8;17;28;39;;59;;;
15355;;16;;32;;52;60;70;
;;;38;41;56;61;71;
;18;;39;43;58;;;90
15475;5;12;;36;45;55;;;
6;;26;37;;56;;74;
;18;;38;;59;66;79;
15507;;14;;30;;53;64;72;
;;27;;45;;67;74;85
9;17;;39;;56;;77;
15572;;13;;31;42;51;;74;
;;;32;48;53;62;;87
9;18;27;;;58;;;88
15581;1;14;;30;;;;71;81
6;;28;31;;56;;;83
8;18;29;;;59;;;84
15859;;10;;34;;50;;74;80
;13;21;;43;58;;;82
;15;22;39;47;;;;87
15951;1;;21;30;;52;65;;
7;;;33;47;;;75;86
;18;25;;49;;68;;90
16005;5;;24;;;51;;70;81
6;;;;;54;64;76;88
9;;29;38;;57;;;90
16031;1;13;;;41;51;62;;
2;18;;36;;52;;;85
;;;38;47;;69;78;89
16277;1;10;21;;;;;70;81
2;11;;36;46;54;;;
5;17;;;;58;66;;89
16302;1;10;;;;52;67;;83
7;;23;;;53;68;;86
9;;;;47;57;;79;90
16332;;12;;31;;51;60;72;
;;26;33;43;;61;76;
9;16;;34;;;63;;90
16590;;;23;33;40;50;;;81
6;;;34;;;67;76;83
8;19;;35;;54;;;87
16654;4;13;;;;53;61;;84
7;;26;;;57;62;72;
9;;29;;49;58;;;90
16696;;;25;;42;50;62;;80
7;12;;;;56;;78;87
;;27;;49;59;;79;88
16744;2;;;;40;;63;72;83
4;12;;;;54;65;75;
7;;;39;48;;;76;88
17174;;10;21;30;41;51;;;
2;;27;;43;;67;74;
8;;29;;;59;;76;90
17185;;10;21;30;44;;;77;
4;11;;31;47;;62;;
;;28;35;48;59;;;85
17529;;11;22;;;;62;70;80
4;;27;33;;54;;;82
6;;29;;47;;67;76;
17689;;;;30;40;50;60;;81
;11;;31;47;51;;73;
8;;29;;;55;67;;86
17740;;;22;31;;51;61;;85
;;26;37;;52;62;76;
;18;29;;;55;69;79;
17860;;11;;33;;50;62;;82
;15;;34;;57;;75;86
;17;;37;46;59;;;88
17969;;;24;;42;;66;72;84
;;27;35;46;;68;;85
;19;;37;;55;69;78;
18013;;12;;34;42;;61;71;
;;28;35;;58;65;73;
;;29;36;49;;;75;90
18164;1;;23;;41;50;;;81
;12;;;;52;68;75;86
9;;28;;46;55;69;;
18270;;10;21;;;50;60;72;
;;23;;45;56;;74;88
;17;26;;;57;68;76;
18318;1;;23;;46;;63;;81
;16;24;;;;65;75;89
;;28;;49;58;69;77;
18421;2;;22;33;;;;77;81
;15;23;34;48;58;;;
;19;;35;49;;;79;88
18791;;11;21;;42;52;;;80
2;17;;36;44;;;;83
;18;26;39;;56;69;;
18849;;;24;30;40;51;;;82
8;12;;;41;;63;;85
;16;;;43;53;;74;86
18864;1;;25;35;;;63;70;
2;16;;36;;54;;;84
8;;;;;58;69;79;87
18865;;17;20;;;56;60;71;
;18;25;31;;57;61;;
6;19;29;35;;;;;89
18909;;14;22;32;41;;60;;
5;17;24;;42;;65;;
8;;25;38;;;;77;90
18917;;12;;30;42;54;;;83
7;;;;46;55;65;76;
;;;39;48;59;67;;88
18962;2;;;37;;56;61;;83
;;25;;45;58;65;73;
9;16;;;;;67;75;87
19076;;;22;;40;50;63;;86
3;17;;;;54;;75;89
;18;28;35;48;;;;90
19454;;;20;34;45;;;70;84
;;;38;47;58;67;;85
8;13;;39;;;69;;87
19582;;15;20;;;53;;72;85
;;24;35;;56;65;;88
8;19;;38;;;69;75;
19646;5;10;;;42;;;75;81
;12;26;34;;;62;77;
9;18;;37;48;55;;;
19695;3;10;20;31;;;;70;
;11;23;;46;58;;71;
5;17;27;;;59;;74;
19870;5;;21;32;40;;;;80
8;;22;;;52;65;74;
;;;35;49;54;;77;82
19884;2;12;23;34;40;;;;
7;13;28;35;;;65;;
8;18;29;38;45;;;;
19944;2;12;;;40;53;;;86
8;14;;;41;;63;;87
9;;26;39;;57;;77;
19949;;;23;32;41;;63;;81
6;17;;33;;57;;;84
;18;;;;59;67;78;90
20041;;11;20;30;;51;;72;
;15;;36;;55;;74;85
;17;26;38;45;;69;;
20188;1;10;;;42;;66;;81
3;14;25;;46;;;76;
5;19;;37;;;68;;87
20274;2;10;20;;;50;;70;
4;;;33;45;55;61;;
5;;;39;46;;;79;85
20408;2;10;24;;41;54;;;
5;;25;;44;55;;;86
7;;;;;59;69;74;88
20411;;16;21;;;52;63;73;
;;24;;;53;66;74;82
9;18;;;;;67;75;86
20570;;;22;31;;55;64;;80
4;15;;;43;56;;74;
;18;28;38;;58;;79;
20659;6;;;30;42;;65;;85
;;27;31;;;66;72;86
;17;29;32;;;;73;87
20796;2;;;;42;50;;70;84
5;12;;35;;55;;;89
8;14;22;;;;67;75;
21072;2;;;33;43;;;72;81
5;12;22;;;56;;77;
;14;24;;45;58;;;85
21200;3;10;22;;;55;60;;
;11;25;34;;;64;;85
9;17;;37;49;;;74;
21335;;;23;30;43;55;62;;
;14;25;35;;;64;72;
3;;26;39;49;;;;85
21367;1;;;31;;;60;71;84
;;25;;45;51;67;;85
;;26;37;48;56;;;88
21400;;12;22;;;54;;71;82
;14;28;;;55;67;76;
;19;29;33;;57;;;89
21496;1;12;;30;41;52;;;
;14;24;;;54;63;75;
8;;;36;46;;;77;89
21514;;;20;33;41;52;;74;
;13;24;38;43;53;;;
;;29;;48;58;69;79;
21718;;;22;34;42;52;60;;
8;;23;;;;61;77;85
9;16;;36;;;62;79;
21789;;11;20;;;53;60;70;
;17;;33;;54;61;;84
9;;;34;48;57;;77;
22061;1;;22;34;;;60;73;
5;;;35;;;63;74;82
;;;39;;59;69;78;85
22116;;10;;32;41;;61;;87
;16;;33;;56;;75;88
8;;26;34;;;69;78;
22121;6;11;21;33;;52;;;
;14;25;;46;54;65;;
;18;29;;;58;;77;87
22154;;10;20;;44;;64;71;
4;;22;;;55;67;;81
5;;23;;49;;69;;86
22212;2;12;;;41;;;70;80
3;14;;33;42;;;71;
8;16;;39;;58;;;88
22218;4;15;20;;40;;61;;
6;16;26;;;54;;;86
;;28;;42;56;;79;87
22397;3;15;23;;;;67;;85
5;;;;46;;68;72;89
9;;;;49;;69;73;90
22506;1;;;;44;;64;73;81
;14;;36;46;;66;;83
;16;26;38;;;67;78;
22524;;10;26;31;;50;;;82
;13;;32;;53;61;;89
8;;;38;49;54;69;;
22851;2;;20;34;;;;72;83
;15;24;;46;;62;;84
4;;;;49;57;67;;90
22906;1;13;24;;;54;;71;
5;16;;34;;;67;74;
;18;;;45;59;68;79;
22963;1;;;;;52;65;75;83
3;17;23;;41;;66;;
;19;;37;44;58;68;;
22965;4;;;36;;50;60;;80
;;26;37;44;57;;;83
8;;;38;;58;65;;85
23019;;10;;30;42;54;61;;
;16;25;34;;;62;75;
8;;28;;48;59;63;;
23060;4;12;22;;40;54;;;
;;23;;42;55;62;77;
6;16;;36;44;;64;;
23079;;15;;;41;51;60;;80
5;;28;;47;;;71;83
6;;;;49;;66;79;85
23158;;10;;31;;54;;71;80
;11;23;;45;;66;;81
8;;;;47;59;69;;87
23176;;;23;;;54;60;73;80
;;;34;46;;67;74;82
8;16;;;;;69;75;84
23202;1;10;;;;;62;74;80
3;11;25;;44;;;78;
;;28;;47;;69;79;88
23320;3;;21;31;;51;;74;
5;16;22;33;;54;;;
;17;;;;58;65;77;84
23347;;;20;32;41;51;;;81
;;22;37;46;56;;;85
;;26;;47;59;68;78;
23559;5;11;;30;;;60;;83
6;16;26;37;;57;;;
;17;29;38;;58;;;90
23576;2;15;;31;;55;;70;
;16;;38;;57;64;72;
;17;29;39;;59;67;;
23598;3;10;21;;40;;66;;
;;24;33;42;55;;77;
8;;29;36;;;69;78;
23635;;10;;30;41;;;70;81
;11;;;44;;68;73;87
9;;;36;47;58;;;90
23851;;;20;30;;55;;72;81
3;15;23;33;;;;76;
6;;28;;45;59;69;;
23994;2;10;;32;40;;;;84
6;;;;46;;66;76;86
;15;26;;47;;68;78;
24011;;;23;32;;53;61;;82
7;18;;35;44;56;;;
8;19;;37;47;;68;;
24021;2;12;23;;40;52;;;
;16;26;;;;64;76;84
6;18;28;39;48;;;;
24310;;13;21;37;;;;74;80
;16;;38;;54;68;;87
;18;;39;47;;69;79;
24458;3;;24;32;;50;;73;
5;16;;33;;;61;;82
;18;;;49;;63;77;88
24708;2;15;;;44;;;70;80
3;16;;36;;53;61;;
9;18;;37;;;;77;90
24738;;;22;30;;;65;73;80
;12;;37;46;;67;;83
8;15;;;49;58;69;;
24780;1;10;;;;;62;75;86
5;;26;35;;53;;;88
7;19;;;45;;64;77;
24808;3;11;;30;;;61;;83
;;23;34;46;;;75;84
7;18;;36;49;;;77;
24811;2;;22;31;40;;60;;
3;18;;32;43;55;;;
;;29;;45;56;69;79;
24899;1;10;;;40;;;70;81
;12;24;37;42;;;71;
6;19;;38;;54;;73;
24972;;10;24;;;50;62;;83
;;;36;44;;66;75;85
9;;;;49;56;;77;88
25423;2;15;;32;40;;61;;
;17;24;37;42;55;;;
7;18;;39;49;;;75;
25684;;;22;32;41;51;62;;
4;11;24;;43;;64;;
;13;;;45;58;;76;89
25715;;12;;31;43;;60;73;
6;;;;47;;64;76;86
9;;22;;;58;65;;89
25929;2;;;34;;50;60;;80
8;15;25;35;;56;;;
;19;28;;;59;69;77;
26161;1;;;31;;50;;71;82
;;27;35;47;;68;73;
6;;29;36;;;69;74;
26248;;10;21;32;43;;60;;
;12;23;35;44;;;74;
7;;27;;;55;;75;88
26292;;14;;33;;52;62;;80
4;16;;;;;65;74;85
7;;;35;45;58;68;;
26312;;;20;32;;53;63;74;
;17;;34;46;;;76;83
;19;28;35;;;;79;87
26547;;10;23;;42;51;;74;
;;;34;43;52;;76;89
8;;28;;;;69;77;90
26635;;;20;;40;51;60;;86
7;;21;;42;53;66;;
;16;;36;49;;67;;90
26757;;10;;31;;52;63;70;
5;13;27;;;54;;72;
;19;29;35;;;;79;86
26847;2;13;21;;;;60;;88
6;;;;47;56;62;;89
7;;;;48;57;69;;90
26865;1;;;;41;51;;72;82
8;;23;;;57;;76;87
9;17;;;;59;68;77;
26910;;12;26;;;53;60;;81
4;15;28;38;;58;;;
;18;29;;46;59;;;89
26931;5;;21;;41;;61;75;
7;12;;;43;;62;76;
9;;;;45;58;66;77;
27041;3;;21;;41;;;75;80
6;16;24;;43;54;;;
9;18;;39;;;;79;82
27067;1;12;;;;51;60;73;
;15;21;;42;;64;76;
9;;25;36;;57;;79;
27070;;;25;36;;53;;73;80
;14;;37;41;55;;75;
9;19;28;;;;;77;82
27074;2;;;35;44;52;;;81
;;;36;46;53;65;;83
9;;24;;47;56;67;;
27151;1;;22;32;41;53;;;
;;25;33;;55;64;;87
9;17;;;46;58;;79;
27358;2;;;;46;52;;70;83
;13;22;;47;57;;;88
;15;26;;49;58;69;;
27514;;;20;31;;53;60;73;
;14;;32;44;;67;;82
8;18;25;;;;;77;89
27586;;10;21;;;50;;71;84
;11;23;;;56;67;;85
9;13;;;;57;;77;89
27596;7;11;;;40;52;;74;
;;25;36;41;56;;76;
9;19;;37;;;66;78;
27607;;10;23;;;53;63;73;
7;15;28;;;54;67;;
;;29;38;;58;69;;90
27756;;;;30;40;;60;71;83
5;;;;42;56;62;75;
;19;29;37;44;;;;88
27779;5;;24;30;;53;;72;
;15;;;45;57;;74;83
;17;29;39;46;;;75;
27887;3;;;33;;51;;70;84
6;;27;35;;;;76;88
7;;;;46;59;68;;89
27938;;13;22;36;;;61;73;
;;25;37;43;;62;76;
7;16;29;;46;;67;;
28182;;;21;32;41;;60;;82
;14;23;34;;;65;77;
;17;29;;44;57;;;89
28243;4;11;;;45;;63;75;
;12;;36;47;54;;;81
;;;39;;57;68;79;87
28427;;14;25;32;46;;;;80
;16;26;37;47;;;71;
;17;27;39;;;67;79;
28796;5;13;;;40;;60;;82
;14;;36;43;54;66;;
;;;38;;57;67;79;87
28874;2;11;22;;;50;61;;
8;13;;31;;;63;;81
9;17;;;;54;;79;85
28876;1;;23;32;;;;72;80
;;;33;47;;65;76;82
;;;;48;59;69;77;85
28907;2;12;;33;;;66;;82
6;16;27;;45;56;;;
;;28;;47;;69;77;88
28923;1;;22;;40;;;71;80
;;;;41;54;61;75;86
4;18;;;43;;;79;90
29249;;;20;32;42;;;74;85
;15;22;36;47;51;;;
;;27;37;49;59;66;;
29298;;;;30;45;51;62;70;
2;12;21;;;;65;;88
6;;;;48;55;69;;90
29627;1;;24;;;51;;70;83
5;;;;43;52;66;;84
6;;;38;;54;67;;87
29741;;11;21;31;;54;;;82
;12;;33;43;;66;;88
9;18;;;;;68;78;89
29751;;;;31;41;56;;70;83
;;22;33;43;;;76;88
;;;37;;58;66;77;90
29798;5;12;;33;;51;61;;
7;;;36;46;;;73;84
9;;27;;47;;;77;90
29861;;10;20;;;;62;72;85
2;;21;32;;53;;;87
;19;;33;49;57;66;;
29979;;13;;32;;;60;73;84
5;;27;;;;63;74;86
6;;;37;47;55;;;87
30098;;11;;30;;51;;72;82
5;;23;;45;;;73;86
;14;24;;49;;;75;88
30183;;;;31;;51;64;71;81
6;;;33;43;;;76;87
7;;29;;;58;;77;88
30264;;10;25;;42;;64;;84
;13;28;31;45;;;72;
;14;;33;;;68;78;89
30452;;13;;30;40;;61;;88
4;15;25;35;;53;;;
7;;27;;48;58;64;;
30858;;10;;30;;55;61;;83
;15;;32;42;57;;74;
;19;;;;58;67;78;90
30903;;13;22;;;50;;75;86
8;14;28;;;57;61;;
9;15;;37;47;;;77;
30964;3;11;21;31;43;;;;
;;;34;45;;62;76;85
9;19;29;;49;;69;;
30979;2;11;21;;;53;;70;
3;;22;;48;55;;;83
4;;29;37;;56;68;;
31008;;14;;33;42;;;71;80
7;;;35;44;;65;74;
;18;24;38;;;66;78;
31013;;11;24;32;;;;70;83
4;;27;;;;64;72;85
;17;29;38;46;;66;;
31024;;15;20;;40;53;61;;
;;21;33;41;55;65;;
;;;35;45;;67;77;86
31046;;;20;;42;53;63;;80
7;15;;;;55;65;;83
;;26;;49;57;;76;84
31134;;10;;30;;;61;71;82
;12;24;;;51;67;73;
7;;;37;49;55;69;;
31238;;;20;33;43;52;;;80
3;16;23;;;;66;73;
4;18;29;;49;59;;;
31299;1;;23;;;;62;70;86
3;14;;;42;58;;;87
;;28;38;48;59;;72;
31389;;13;;30;43;52;63;;
;14;22;31;45;;;76;
8;;;35;49;;;79;88
31464;;;;34;;54;65;74;85
;;24;;45;55;;75;87
6;;29;;47;;69;;88
31603;1;14;;;;;64;72;80
;16;;36;;;67;74;83
7;18;29;39;49;;;;
31658;;11;22;31;;53;;;82
6;14;26;;47;;;;84
7;19;29;;;55;68;;
31720;3;;23;;;50;;71;82
6;11;;33;46;;62;;
;14;29;;;;66;79;88
31781;;12;21;31;;52;61;;
5;;;32;42;54;;;81
9;;25;34;;;69;;82
31927;;;21;34;43;;61;;80
;;27;35;;;62;77;89
;;28;37;49;55;;79;
31942;;11;;33;;54;60;;83
6;12;26;;44;;63;;
;;27;;45;58;;74;90
32005;;;20;;40;;60;70;83
2;15;;34;41;;;;87
9;19;28;;;57;;74;
32025;;10;;;;54;61;73;81
;;24;33;;;62;74;86
9;16;;;;56;69;;90
32048;2;14;20;35;;50;;;
3;17;;;;;62;76;86
8;19;;39;;;65;;89
32072;;12;23;;;50;63;72;
6;14;;33;43;;;75;
7;15;;37;46;;69;;
32087;;14;20;;;51;;74;82
2;;23;33;42;53;;;
3;17;;;46;;68;;87
32622;5;10;;31;;54;60;;
6;;27;;;55;68;;81
7;;28;;;59;69;77;
32658;;;24;;40;51;64;;81
;14;27;;44;54;;72;
9;;;39;;58;66;;88
32794;1;11;23;;40;51;;;
;16;24;34;;58;;;82
6;;28;;43;;69;79;
32843;;;22;30;;;65;71;86
4;;26;;;52;67;;87
9;;;;48;59;69;78;
32862;4;12;20;;42;;60;;
6;;21;36;47;;;76;
;18;;39;;;69;79;89
32885;3;;20;32;;;;70;83
5;;21;;41;;68;;86
;;25;37;;;69;79;87
32953;;11;;30;45;;60;70;
6;;23;;48;58;61;;
8;;;38;49;59;;;89
33031;;11;;30;;56;;76;81
;;24;33;43;57;;77;
;;;39;46;58;;78;90
33066;;12;;31;45;54;;;81
;;22;;47;;64;74;84
7;16;;;;57;69;78;
33150;4;;;32;;53;60;;81
5;16;;;47;54;64;;
;;27;37;48;;65;;89
33168;;13;25;32;40;;61;;
5;;26;37;;54;;71;
6;;29;;45;59;;77;
33445;;;;;42;53;60;76;81
4;17;;34;45;;66;;
9;;28;;48;59;;;86
33537;;;20;;43;;63;70;84
6;13;;;46;;;76;89
;;27;38;;54;69;77;
33589;6;11;;;;53;60;;83
;15;26;;47;;;71;85
;19;28;;48;;68;;88
33682;;12;25;34;;;;71;83
;;26;37;45;52;;72;
9;19;;39;;57;;73;
33705;;;26;;;50;61;71;82
7;17;;;;56;;72;84
8;;;;49;;68;77;86
33753;;;24;30;;53;60;;83
;16;;;;57;64;76;85
;19;;39;48;;65;79;
33883;2;;;30;40;;;74;81
;;;33;41;;65;76;88
;19;;;48;59;67;79;
33939;1;;;;40;50;;71;80
;17;;34;42;52;;;84
9;;29;38;49;;69;;
33963;4;;20;;;50;;70;80
6;13;22;35;;;;;88
8;17;;;48;54;;78;
34086;1;;;31;40;55;66;;
;;;34;42;57;67;;85
;;29;37;48;;69;78;
34129;1;12;;;;50;;70;81
2;15;23;;47;;;71;
7;17;28;;49;59;;;
34166;;11;;31;42;;60;73;
;;;;45;55;64;75;84
;17;28;;49;;;79;88
34221;1;14;;;;50;63;;84
3;;;36;44;51;;;87
8;;;37;;;67;77;89
34291;;11;21;;44;;61;;80
2;;23;38;;;;74;85
;;26;39;;59;67;;90
34310;2;10;;;44;53;;;83
6;;;;46;55;67;;85
8;;;34;47;;;78;90
34430;;11;22;31;;51;;70;
6;;24;32;47;;;;83
9;;;33;;59;;75;90
34666;1;10;23;;44;;;72;
;15;;36;;54;;75;83
;16;28;38;;;68;79;
34732;2;;21;;43;50;60;;
4;;;;45;51;64;;84
6;;;36;49;;66;77;
34807;;10;;32;;53;60;;80
7;;22;33;43;55;;;
;17;24;;;56;67;;89
34851;2;;21;30;40;52;;;
6;15;;;;54;;73;82
;19;;;46;;64;75;87
34964;1;14;21;;;;61;70;
3;16;;32;;;65;75;
7;18;;38;46;;69;;
35137;;;;32;45;52;60;70;
5;13;26;;;55;61;;
;14;28;39;;;65;;87
35256;;;20;36;42;51;;;81
8;;;;46;52;65;;85
;17;;;48;;69;77;88
35295;2;10;21;30;;;;;80
3;11;;;43;;;77;81
;;27;;49;59;;78;84
35360;;15;;;41;;60;71;81
;17;25;;;54;;72;82
6;;27;39;;;67;;89
35469;;14;23;33;;50;60;;
;17;;37;46;52;63;;
8;;29;;48;;65;76;
35492;4;11;21;;;52;;;84
;14;;;47;56;;75;88
9;;;39;48;59;69;;
35673;5;12;;;46;51;64;;
;13;22;;;;67;73;85
;15;;38;;59;68;;90
35705;;;24;32;41;51;;;80
6;;27;;42;57;;;83
8;19;;;;;68;78;85
35780;;10;;30;41;53;64;;
;;23;33;;54;;76;82
;14;;;;57;67;79;89
35824;4;;;33;;;61;71;81
;14;;;42;56;63;72;
9;;;38;49;;68;76;
35915;1;11;;35;;52;60;;
4;16;;;;;63;75;84
;;26;39;47;;66;77;
35917;;12;;;41;50;61;;85
5;13;26;;;;;74;87
6;17;29;;;58;;75;
36084;1;13;;;41;;63;;80
5;14;;34;42;;;;82
9;19;;39;;;67;;86
36245;;11;;32;41;;;70;81
;17;;35;42;;66;73;
6;18;29;;;57;;76;
36340;3;14;;31;;53;;;80
6;16;24;;;;64;;85
;;29;35;47;59;67;;
36522;2;10;21;35;41;;;;
;14;25;;48;;63;75;
;15;29;37;;;66;;87
36540;;10;;32;42;54;;72;
;17;;34;43;57;;78;
;18;28;;;58;;79;86
36609;3;13;;;;;65;73;80
7;16;;37;;52;;;84
8;19;29;39;;;;;86
36647;;10;;34;45;52;63;;
7;;;36;;58;66;75;
;;29;38;;59;;78;88
36681;;;;30;44;52;64;70;
8;13;;;45;;66;71;
9;18;28;36;46;;;;
36716;;;20;33;;50;;73;86
;12;27;;47;;67;74;
;15;;39;49;;69;75;
36921;1;;;30;;51;63;;84
;;;32;46;53;;74;87
;19;28;;49;58;;;88
36957;4;11;21;;;;;71;80
6;;23;31;;;65;;84
;19;27;;;58;67;;86
37372;1;10;;32;;50;;70;
;11;22;38;47;;;;87
;17;;39;49;57;;77;
37476;1;11;;;40;52;;70;
3;;22;31;;56;67;;
9;;;38;46;;;79;90
37687;1;;23;31;;;;72;81
4;;;;;54;68;78;86
8;17;;;48;;69;;90
37702;1;;;34;46;51;62;;
2;12;;;47;53;;75;
;;;36;;56;68;77;87
37704;1;14;;;42;52;;70;
7;15;;36;;;68;;88
;19;26;;49;;69;77;
37789;7;;24;;42;53;60;;
;12;26;34;;;62;;82
9;;;;49;;64;78;89
38106;;12;20;;40;52;;70;
5;17;;36;44;;;73;
6;;;38;;57;68;;89
38206;;;;31;40;53;;72;80
7;15;26;;;54;;;86
9;;;;49;55;67;76;
38212;;10;21;;;52;;73;81
;;;36;44;54;;77;82
;15;;38;46;;68;;84
38214;;14;;;40;;65;70;84
2;;;;42;;67;75;85
5;18;28;;;;;79;90
38292;1;13;21;31;;51;;;
4;;24;;44;;62;;83
;18;29;36;46;;;74;
38341;2;;20;30;;50;61;;
4;11;;37;44;;;74;
;17;;39;;;68;79;88
38459;1;10;21;;;;;76;82
3;12;25;;;57;;77;
8;18;;;44;;67;78;
38526;;11;;31;42;;;70;83
3;;27;34;;58;68;;
;;28;;46;;69;78;90
38680;;;24;;40;54;62;;88
;14;27;31;;55;63;;
;18;28;32;49;;;;90
38720;;;20;30;40;54;62;;
6;18;21;;;56;67;;
;19;;33;46;59;68;;
38756;3;11;25;;42;;;70;
;15;26;;44;;;71;83
;;27;;47;59;;78;84
38943;7;11;22;;;51;;74;
;13;26;;45;56;;;84
9;;28;;49;59;;;85
39133;4;15;;30;;;;73;84
5;;26;31;;;;77;86
7;19;;38;47;53;;;
39222;5;10;;;45;;60;73;
6;;;;47;;61;74;85
8;19;24;39;49;;;;
39272;5;11;;30;45;;;;81
7;12;27;;;;64;75;
8;15;;;48;;69;78;
39428;;11;;32;40;51;;;86
;15;24;;;52;;77;87
9;17;;35;;54;;79;
39497;2;11;23;;;;61;;83
;14;26;32;;52;;;85
9;15;;39;;;66;79;
39806;1;;22;30;44;;63;;
;15;;31;;50;;75;80
7;19;;;;51;;76;82
39813;;11;20;;;;60;73;80
6;;22;36;;;;74;81
;;25;37;45;57;;;87
39821;2;11;22;;41;51;;;
;15;25;;43;56;63;;
6;;27;39;;;;77;88
39867;3;;;32;45;51;;;82
4;;;;48;53;63;75;
8;19;25;;;56;;;86
39871;4;13;25;30;;;;71;
;;27;;45;;65;74;83
9;16;;;47;59;;78;
39885;4;;;34;;50;61;;85
6;16;;35;;57;62;;
;;29;;48;58;;79;87
39901;;11;20;;42;53;60;;
;;;36;45;54;;73;88
7;;;;49;55;69;;90
39949;;;;30;40;51;;70;80
6;18;;;42;52;65;;
;19;28;38;;53;66;;
39973;5;10;20;;;52;;;81
7;;;37;;;66;76;87
;18;;38;45;;69;79;
40025;1;;21;;;54;60;;81
4;16;;35;41;;64;;
7;18;;;;59;;73;89
40186;6;14;;;42;51;;70;
;;28;36;44;;;77;83
8;;;;46;54;;79;86
40244;;;21;31;40;55;;73;
;;25;;43;56;67;78;
8;;28;38;47;;68;;
40331;;11;20;;42;51;;71;
7;14;26;33;;;;76;
9;17;;36;;59;;77;
40858;;;21;32;42;52;;;81
;14;;33;46;54;65;;
7;;27;;;;66;76;87
40866;;;24;;44;50;;71;83
;16;;;;57;67;72;86
;;29;38;;58;;79;89
41018;;;;33;43;;65;71;84
6;;;;46;55;68;;89
9;;25;38;;;;79;90
41221;4;;23;35;;50;;70;
5;;;38;48;53;;75;
9;18;;39;;57;;;84
41230;1;;20;;;50;;74;80
;;23;;45;51;64;;84
8;18;24;;;;;77;87
41262;;11;21;;;51;60;73;
8;16;24;;;;68;;87
;19;28;;48;;;79;90
41437;2;12;;;41;;61;70;
6;;22;35;;54;63;;
7;19;27;;;58;65;;
41466;4;;20;;41;50;;;82
;;;33;43;;64;75;86
8;;25;;47;55;;79;
41495;;12;22;31;;;;70;81
;14;23;35;;;61;78;
9;;;37;47;59;;;86
41520;;13;;35;;54;61;75;
5;;;;;56;65;76;84
;15;28;38;47;;;;89
41669;2;16;;;41;51;;;82
;17;;38;;56;67;73;
;18;;39;49;57;;;89
41811;;;22;;;52;62;73;84
;;25;35;43;55;;;88
6;18;;36;;59;;79;
41890;2;;22;;44;52;;73;
3;13;;37;47;55;;;
;17;28;39;;;68;;87
41929;;11;21;;;50;;70;82
4;;25;34;44;52;;;
6;17;26;36;48;;;;
41964;1;14;24;32;;;;;80
;15;27;;42;;62;74;
;18;29;39;;59;;;89
41997;3;15;;;40;51;60;;
6;;22;35;;;61;;84
9;;24;;42;58;68;;
42044;;12;21;34;;56;;;80
;;28;38;48;;64;;84
;;;;49;59;66;78;86
42060;3;;;32;;54;;74;85
6;16;;33;;;65;76;
8;19;;39;;59;69;;
42103;;16;20;;40;;;71;80
;;21;31;46;;65;74;
;18;24;36;;56;;;90
42203;;11;;32;41;;;72;82
;15;23;34;45;;;75;
;;25;37;46;;64;;90
42340;6;11;;;;;60;71;80
;13;;;42;55;;76;87
;14;29;36;49;;;;89
42519;;10;22;;;50;60;73;
;12;26;33;44;;;;84
6;14;29;;49;;;78;
42572;4;;20;32;40;;63;;
6;16;22;33;45;;;;
8;;;36;46;;68;;86
42684;1;;;31;42;;60;;85
2;;23;;45;;;72;88
;17;26;34;;58;;76;
42713;;11;22;32;43;;;71;
2;14;;;;;66;72;88
8;18;;;;;69;77;90
42742;5;10;;31;44;;60;;
;15;;;;54;61;75;84
;;28;37;48;;69;;89
42789;;10;;31;;51;60;;82
;14;;34;46;;62;77;
;19;28;;49;;;78;88
42922;5;;23;;42;;63;;82
;12;;;;58;64;75;84
;19;25;;;;68;78;86
42978;;14;24;33;40;;;73;
3;;28;;45;54;;75;
7;;29;;46;55;67;;
42993;5;;25;34;;52;;;80
8;;27;;42;55;;76;
;;;;45;56;67;78;84
43148;;15;;;41;50;;70;80
;;24;31;;52;;77;85
6;19;;36;49;54;;;
43234;;12;20;;42;53;;;82
6;;24;;45;54;;72;
8;;28;;48;;;77;89
43294;;14;;;;50;60;70;85
6;15;;37;43;;64;;
;16;27;39;;54;;75;
43406;3;;22;34;;;;74;80
6;12;;37;45;;;;82
;16;;;48;59;67;;85
43758;3;12;;;;50;64;;84
5;13;22;;;54;;;85
;19;26;;47;58;67;;
43767;;;22;31;45;;62;73;
3;;;34;46;;65;77;
;;25;38;47;;67;78;
43787;1;;;35;41;51;;;84
;;26;37;45;53;;;86
;18;;39;;54;67;;89
43810;4;10;;;;54;63;;82
;;;33;47;55;65;;84
9;19;28;;48;;;;86
43901;2;17;21;;40;;;72;
;18;23;37;;;65;78;
;19;;38;47;59;;;90
44034;4;;;30;42;51;62;;
6;;24;;;53;;76;86
;18;26;39;;59;;;88
44106;;12;25;;;;61;70;81
6;;27;33;47;;;71;
8;17;;39;;;64;76;
44370;3;;23;;;51;;76;80
4;;;32;44;;;77;88
;16;29;;;59;69;79;
44411;;;21;31;42;;;71;85
;;23;35;46;51;64;;
9;18;26;37;;;;;90
44436;;10;26;;;50;60;70;
;14;28;32;;;61;;89
;16;;36;49;;;79;90
44470;5;;20;;43;;;70;83
6;14;23;;;55;;71;
8;;;39;;59;;76;89
44576;;11;21;30;;52;;;80
;;27;37;47;;;73;82
9;17;28;;;58;;77;
44883;;;23;36;42;53;;74;
;;;37;46;54;64;;86
7;18;27;38;;;;77;
44885;3;;25;32;43;;61;;
;14;;35;44;;62;;82
8;17;27;;;;63;;88
44923;3;13;22;31;;;60;;
;15;27;;;55;62;;89
8;16;29;;44;;;;90
44945;;14;23;30;41;;;;81
;17;;;46;56;;77;83
;19;29;;49;57;68;;
44949;2;;23;;;;61;71;80
4;12;26;;;;65;;88
;14;27;38;;59;;;90
44973;1;10;;32;40;;63;;
;11;25;;45;54;67;;
;12;;36;48;55;68;;
45038;;11;24;;;50;65;70;
2;;;32;46;54;;;86
7;;29;38;;58;68;;
45057;3;11;20;;;51;61;;
;13;;32;42;;64;;83
9;;28;;48;;;79;87
45188;4;;23;30;;;61;77;
;13;;32;45;53;;;85
;;28;38;48;58;;79;
45234;;11;20;30;;54;;;83
;12;22;;;55;67;;84
6;;26;34;45;;;77;
45376;;;20;36;45;52;;70;
5;18;;37;;;65;77;
6;;;;;57;68;79;89
45572;6;10;21;;43;;67;;
;;22;;45;;68;75;88
8;18;23;;48;;;;90
45590;1;11;;30;;51;;73;
5;14;;;;54;63;;89
6;;28;39;;;;75;90
45614;2;10;20;30;;;;;83
5;;;34;45;;64;76;
;17;26;;46;;69;78;
45625;2;;;30;40;53;;70;
;16;22;;45;;65;;88
7;;28;;;58;;78;90
45651;3;;;34;;;60;73;82
5;;27;;46;;61;;85
7;;;38;48;;;77;88
45751;;12;20;;40;;60;70;
;;21;;44;56;62;;88
9;18;;;;59;;77;90
45838;1;10;;33;;50;;71;
;14;;;45;54;64;75;
7;19;;;46;;69;;89
45986;;;;;41;51;62;73;82
;;;32;;56;64;75;88
;;24;36;;59;66;;89
46108;;12;24;;41;50;64;;
5;14;26;;;54;67;;
;;28;39;48;55;69;;
46466;2;;;;40;52;60;70;
;;;32;42;54;;76;87
;;;38;;59;69;79;89
46518;;;;35;43;54;;74;80
;;24;37;46;55;63;;
;18;27;39;;;69;79;
46534;2;;;31;40;50;;;81
4;17;;;43;;64;74;
8;18;28;;44;57;;;
46748;2;13;20;33;;;;70;
;16;;37;42;;;71;87
;18;28;;44;54;;;90
46837;;;;34;41;;63;70;85
;;;35;42;56;66;74;
;17;;39;46;;68;;88
46852;5;10;;34;;50;61;;
6;16;;37;48;;;;84
;;27;;49;54;;78;90
47064;2;;22;32;;;;71;85
;13;24;35;44;;;74;
;17;;39;;54;;77;90
47067;;;26;31;42;;60;;80
;13;27;;;57;;71;82
;;28;38;;59;;77;84
47112;;;20;33;;;61;73;80
;18;22;;42;52;;;86
4;;;;;54;68;77;90
47213;1;10;;34;41;52;;;
7;;;;43;55;66;74;
8;;;;49;56;;75;89
47230;1;;;30;42;52;65;;
4;;24;33;;56;66;;
;17;;38;47;58;68;;
47245;4;13;27;31;;;62;;
;;;34;45;53;;76;82
7;;29;39;;54;;;84
47348;;11;20;;42;51;;70;
;13;24;;48;;66;72;
9;;28;37;49;55;;;
47388;4;;20;31;;;65;71;
7;18;;34;;57;66;;
8;19;28;;;;67;79;
47407;2;12;;;;52;;70;80
;13;;32;41;;;74;83
;;27;;44;59;68;75;
47499;2;11;;31;;;67;71;
5;12;24;;;58;;;81
;;29;36;;59;;79;90
47588;2;;20;31;;;;70;80
4;;24;;42;51;68;;
6;;28;;;54;;75;87
47591;2;11;;32;;57;60;;
4;12;;;;58;63;;84
;16;28;38;;;66;;89
47595;;10;;34;42;;63;;85
;11;;38;;53;;75;87
;;;39;49;57;68;76;
47712;;15;24;;41;50;62;;
7;16;26;;;56;;;83
;18;;37;;59;;79;90
47787;;;20;35;42;;;70;81
;16;;;43;51;62;71;
5;;27;;;59;63;;85
47829;1;15;21;31;;;;;83
3;16;;;44;58;;73;
;19;23;38;45;;;;90
48124;;12;;30;;51;60;70;
;;;33;41;52;62;;84
6;;29;38;;;67;78;
48125;;11;20;;;52;62;;80
4;;23;;;56;65;;82
6;14;;;44;;67;78;
48132;4;;;;;52;60;70;80
;13;22;;;54;;74;85
;14;27;;;;69;75;89
48193;3;10;;;;52;64;72;
;15;25;;43;;;75;85
6;18;;;;;69;79;87
48346;2;12;24;;43;;;75;
6;15;;;45;;64;77;
7;;28;;47;;66;;88
48441;6;;20;30;43;;;70;
;13;;38;;51;68;73;
9;;;39;;56;;78;84
48544;4;11;21;30;;51;;;
8;;;32;43;;64;74;
;16;27;;44;;;77;90
48898;2;11;26;31;42;;;;
8;;28;;48;58;66;;
9;17;;;;;67;77;89
49118;;;20;;40;50;;77;81
2;13;;;44;;;78;84
;19;;39;;58;68;;89
49170;6;;20;;40;;;71;80
;;23;36;;55;;72;82
;19;;38;;57;66;;84
49324;1;;;32;;52;61;;81
;;28;34;43;56;;;82
6;;29;;44;;;79;89
49332;1;12;21;;;;;71;84
3;;;;44;54;65;72;
8;;;;47;59;;74;89
49372;;;22;30;42;53;;;83
;15;;33;45;56;;;85
9;18;;;47;;69;;88
49514;;11;;31;;50;60;71;
2;;;;48;57;67;;84
;;;37;49;59;;79;85
49727;3;;22;30;;;63;;83
;18;;;46;56;65;;85
9;19;;;49;;;79;87
49806;1;10;24;33;;;;;80
8;;;38;;52;;77;89
;17;26;;46;;66;79;
49849;4;10;;31;44;50;;;
;;;;45;52;65;75;84
;;29;;46;58;66;;89
50049;;;20;;42;51;;71;83
4;12;22;;44;;;;86
;;25;;49;54;67;77;
50085;3;;;34;;50;62;71;
6;14;24;35;;;;72;
7;15;26;;47;58;;;
50194;;10;;36;45;52;;;80
;11;22;37;;;;77;82
8;;28;39;47;;;79;
50226;6;;24;30;;51;;72;
7;15;25;;47;;66;;
9;17;;35;48;59;;;
50426;1;10;;;;50;64;70;
3;;;35;;53;66;;89
;;27;37;47;;67;;90
50446;;13;21;;;52;;70;80
3;;;34;44;55;63;;
;16;;37;46;;64;72;
50451;;13;;34;41;;;73;81
;;;36;43;;63;74;83
9;18;;;;56;;76;90
50533;1;;25;32;42;;61;;
5;17;;35;44;;;;83
8;;29;36;46;56;;;
50636;;12;;33;42;50;;73;
5;15;;34;;;;75;82
;18;;37;;59;68;79;
50888;1;11;;31;;54;61;;
;16;23;;;58;64;;85
;17;28;38;47;;;78;
50893;;;23;;42;50;;73;82
6;14;;;;51;;74;84
;;28;37;;52;;78;85
51181;;10;23;35;;52;;70;
;12;;36;44;;68;;85
;13;26;;;58;;74;89
51195;;;;30;40;;67;71;81
;11;;;45;53;68;;84
9;18;;;;57;69;76;
51234;6;;;31;41;51;61;;
;;23;33;45;52;;;86
;18;25;;;53;68;;89
51236;2;;21;30;44;;;;81
;;23;37;46;53;68;;
;15;;39;;59;69;;85
51276;;;;;43;51;62;70;82
;14;22;;44;52;;74;
;18;;36;47;;67;;85
51378;;;20;;40;;60;71;80
3;15;;36;43;;;77;
;;;;44;59;64;78;86
51417;;17;20;35;;;62;70;
;;23;;46;53;;75;88
;;;39;49;55;66;;90
51449;1;;22;31;41;;;;82
2;;;33;;54;63;;85
9;18;28;;;57;;;90
51454;5;14;;35;44;;63;;
;16;26;36;;57;;73;
;;;;48;58;69;78;88
51484;2;;20;;;51;60;;80
;;24;37;;52;61;74;
;19;;39;49;56;;75;
51496;;11;20;;42;52;;;85
4;;24;;45;53;63;;
;;29;39;;59;67;;87
51519;4;11;;;;51;61;71;
8;13;22;;;;;76;84
9;;23;39;;;67;;87
51903;2;;21;31;;56;60;;
;;;34;41;57;62;;83
6;;27;;;;68;78;87
51937;4;;21;33;46;;;70;
;;;34;47;58;66;72;
6;;;36;;59;68;;89
51946;1;10;;30;;;;72;83
;12;;;48;55;;74;88
6;;26;;49;57;;;90
52138;2;11;;;;52;65;;80
;14;;38;43;;66;74;
6;;29;39;;;68;;86
52261;1;;20;;43;52;;;82
;13;;33;44;55;;74;
4;;24;38;;;;75;86
52325;1;10;;33;41;52;;;
2;12;;35;45;;;73;
9;;29;;49;58;;;83
52540;1;14;26;36;;;;76;
;;27;37;44;;65;;85
;;29;38;47;;67;79;
52570;;;21;30;;;61;70;83
;;;32;42;53;66;;86
5;;27;;47;;;77;87
52671;4;;23;;41;;64;75;
;;;37;44;;65;76;82
9;19;;;;59;67;79;
52676;;10;;31;;51;63;;85
;;24;;42;;65;72;86
8;;27;;49;59;67;;
52972;;10;;31;40;51;;;81
;13;;;41;55;66;;82
;19;29;36;;58;;79;
53042;3;;21;30;;52;61;;
4;;25;;46;;63;71;
;18;27;;47;59;;;88
53047;1;10;;31;45;;;72;
5;;25;;46;;66;;87
6;16;27;;48;;;78;
53057;1;10;;;40;51;60;;
4;;24;35;;;61;;83
7;;;36;46;57;66;;
53112;4;;22;;41;;64;70;
;14;;31;;52;;71;85
;18;29;;49;58;;79;
53129;;15;23;32;;51;60;;
7;17;25;33;;54;;;
8;18;28;;;56;;;89
53200;5;12;;;41;;;71;83
7;17;23;;;54;;;84
;18;26;;48;;68;;87
53253;;10;21;30;;;;70;81
4;17;27;;;;62;;85
;18;;36;46;59;66;;
53354;;13;22;30;;;61;;81
3;15;;31;;;63;;82
;;26;;46;58;64;77;
53457;;10;;;;53;63;74;80
7;;;35;;;64;78;81
8;;28;;48;59;69;;
53617;;10;20;33;;51;61;;
7;;;35;;53;65;;84
9;19;27;36;48;;;;
53739;1;10;;36;;52;;;81
;16;23;37;;55;;;82
;19;24;;;;68;76;90
53745;1;;23;;;50;;71;83
;;;34;;52;62;75;86
9;18;;;;56;65;76;
53777;;10;27;30;;;60;;81
3;15;;37;;53;;;84
6;;;39;49;55;;;85
53779;2;13;;31;;;;70;80
3;15;;;;52;67;71;
;19;;;46;54;69;72;
53790;;13;23;;;;64;75;83
;;25;37;;52;;78;88
;19;28;39;;;69;;89
53888;2;11;;;42;;67;73;
6;;28;37;;54;;;82
;19;29;38;49;;;77;
53984;1;;;32;41;;;70;85
;14;22;;44;56;;;87
;16;26;39;;57;;;88
54440;1;12;;;41;;60;;81
;;26;36;;53;;75;82
8;;27;38;48;58;;;
54482;3;;21;;40;52;;70;
5;;;;41;57;62;;86
6;18;;;;59;63;78;
54492;;13;;;41;;63;70;83
;14;24;34;48;;66;;
;;27;;49;58;68;;85
54554;2;;23;31;40;;62;;
;;26;33;44;;;74;83
9;;27;37;;;66;;88
54593;;10;22;;42;;60;;83
5;;23;;46;;62;;86
;19;27;;48;;68;78;
54608;3;;;30;43;;65;70;
;13;;35;;53;66;;83
9;15;;39;;59;;78;
54627;;;22;;40;51;60;71;
3;;26;;48;;63;;87
;18;;37;49;59;;79;
54685;;;;;42;50;62;71;85
;;22;34;;53;;72;86
9;14;29;38;;;68;;
54805;7;;21;;41;52;;;83
;11;23;;46;55;66;;
9;15;;34;49;;;;89
54860;3;;22;;;;64;70;83
6;11;26;;;52;;77;
7;17;27;;;;;78;90
54874;1;10;23;31;;52;;;
5;;;;44;54;;74;89
9;17;;33;49;;;;90
55090;2;12;;30;;;;74;83
;;;35;42;;66;75;85
9;;;37;43;59;;;89
55354;5;;22;;41;;60;76;
7;;26;32;47;;;;86
;19;;36;;56;68;;88
55518;2;;;;42;51;65;;82
;;22;31;43;;66;;86
9;18;26;;;58;;77;
55577;;11;;31;40;52;;;80
;;23;;;54;62;73;83
7;;27;;45;57;64;;
55999;;;23;30;;55;;70;84
8;12;;;43;;;71;86
;;28;37;;59;68;72;
56180;4;11;;31;;;60;;83
7;12;27;;;54;;;87
;14;;;;57;63;76;90
56365;2;;;;;52;66;72;80
;;26;34;45;54;;;81
7;15;29;36;48;;;;
56751;4;11;;;40;;61;70;
5;;23;;42;57;;74;
;19;25;33;46;;65;;
56906;1;;24;;41;50;;;85
;;25;35;45;53;;71;
;;28;;48;;69;75;90
56922;4;10;25;;40;;62;;
;;;35;45;57;64;;85
9;17;29;;;;69;78;
56984;;10;20;;;;62;75;81
;11;22;37;43;;66;;
6;;;38;46;58;69;;
56988;5;13;;;41;;63;74;
;14;;32;;;65;76;86
9;18;;35;;59;;79;
57110;6;10;21;31;;;;72;
8;;;34;47;;66;73;
;;27;37;;59;;76;90
57164;1;15;21;32;;51;;;
6;17;28;;;56;65;;
;18;;34;45;57;;;88
57495;7;10;;;43;;61;;83
8;12;26;;44;;66;;
;15;;;48;58;69;;90
57506;3;11;23;;;53;;;80
;16;25;33;46;;;;83
9;19;29;;;58;;79;
57563;;10;21;;;51;;70;81
;;;33;47;52;68;75;
6;19;;36;;55;;76;
57734;2;;21;;;;62;74;81
5;12;24;;;;63;;82
7;;;39;48;56;67;;
57887;1;10;;;;55;60;;86
2;12;23;;;58;;;87
;;28;;47;59;63;;89
58199;;11;;32;;50;;70;83
;;;34;44;53;61;71;
7;;;37;47;54;;;88
58203;;;;30;41;52;60;71;
;;;33;;54;62;76;84
9;;29;39;;58;;;86
58362;;14;;;40;56;60;;82
;16;;35;42;57;65;;
7;17;29;36;49;;;;
58380;;;24;;45;51;64;;83
3;;;;;56;66;76;85
5;12;;39;;;69;79;
58439;;11;21;35;;51;;75;
5;;24;37;;57;;76;
;19;25;;46;59;;;86
58568;;13;20;;43;;62;70;
4;;28;37;44;;;;83
;15;29;39;;56;66;;
58643;4;11;;30;;50;;70;
;15;;31;46;;64;73;
7;;28;;49;;65;;90
58697;;12;20;;43;50;62;;
;;21;35;45;53;;;85
8;;;39;;58;67;79;
58787;2;12;;36;;;60;70;
7;;;37;46;;61;;84
;;29;39;;58;;79;86
58856;2;;22;30;41;52;;;
3;12;26;33;;;;76;
;16;;39;48;;66;;87
58922;3;10;;;43;;;70;80
6;17;22;;;;62;;85
8;19;26;;;;67;;90
58959;1;11;;;41;53;;;80
;;;;46;55;66;76;82
4;;26;38;49;;68;;
59175;1;10;;;40;50;;;80
3;;23;;41;55;66;;
5;15;27;;43;;69;;
59351;;11;;;44;;60;75;83
;12;;36;;57;;76;88
9;18;29;38;;;;;89
59513;3;10;23;32;;;;72;
;;27;35;47;56;;;87
7;;;37;49;;68;;90
59561;1;;;30;;55;60;;84
8;14;22;32;;;61;;
9;;;37;;57;62;;90
59593;;11;;31;42;;61;;84
;16;;36;46;;66;;85
4;17;;;48;58;;;90
59692;3;;;;;52;65;70;80
;13;27;;44;57;;71;
6;;;34;;59;69;;90
59735;4;10;;;43;52;;70;
6;;23;34;;55;63;;
;;26;36;46;;69;;88
59792;3;;22;31;46;;;;82
4;;;35;47;;67;;85
8;17;;37;;;69;;90
59897;1;12;20;;42;52;;;
8;;26;33;;55;;;83
9;;28;;47;59;;78;
60074;4;;21;32;;;;71;80
;;24;;46;56;65;;81
6;;27;;49;58;67;;
60104;;10;;30;40;;60;72;
;12;;32;42;;63;;84
7;;29;34;49;;;;85
60184;2;12;;30;43;;;74;
7;;27;33;48;;;75;
9;15;;;;59;68;;90
60357;3;16;;30;;;61;73;
;;22;32;45;;63;78;
9;;27;35;48;;69;;
60368;;;20;30;43;;61;;80
8;;;34;;;65;71;87
9;18;;;48;58;;;88
60405;2;10;22;;;;60;;81
6;13;24;;47;55;;;
8;;27;38;49;;;;89
60453;;15;20;30;42;;60;;
3;16;;32;43;51;;;
;;26;37;45;59;;;83
60562;;;;30;41;53;63;71;
6;;;;;56;65;73;87
;;29;36;47;59;67;;
60621;4;10;23;;44;;61;;
7;;;38;;55;63;;88
;18;26;39;;;64;78;
60622;4;;21;;41;50;;71;
8;;;31;;52;;74;88
;18;;;48;55;68;79;
60670;1;10;24;30;42;;;;
5;16;27;;;54;;;86
;19;;36;45;58;;77;
60845;1;14;26;31;;;;75;
;17;28;32;;;;76;85
8;19;29;;;;69;;89
61019;3;10;;31;;52;;70;
4;13;24;36;;;;71;
;;25;37;;;69;73;89
61106;;10;20;31;;;63;;80
6;17;22;;45;;;;88
9;;26;;;56;;76;90
61115;;;23;34;42;;;71;80
;;24;;;57;66;76;81
6;;28;;;;67;77;88
61144;4;;;32;40;50;;70;
6;12;;;41;52;66;;
;;;;43;54;67;79;90
61320;;;25;32;41;;60;;84
5;15;;;;56;;73;87
;;;36;;59;67;76;88
61351;1;11;;31;;54;;72;
5;;26;;;58;67;74;
;18;;39;46;;;76;89
61541;6;;;33;;;60;71;80
8;;;36;44;;;72;85
9;19;;39;49;53;;;
61661;2;;;;44;54;;71;83
8;13;23;36;;;;75;
9;16;27;;;56;;76;
61686;3;;20;;;51;61;;80
;;24;;;52;65;72;82
8;;;;;58;66;75;89
61716;;13;;32;43;50;63;;
6;;22;33;;51;;;86
;16;;35;;;67;79;87
61726;2;12;20;;;;60;72;
8;;21;;44;;62;;82
;;26;;;56;67;76;83
61823;1;11;;31;43;51;;;
4;;;;48;52;66;;86
6;;;37;49;55;;;90
61937;2;;25;30;;;;74;83
;14;27;;47;;;75;87
9;19;;;;55;67;79;
62068;;13;21;30;;50;62;;
4;;;35;42;52;65;;
;19;;39;;;68;78;90
62351;1;;;;40;51;62;;86
3;14;22;;46;;;;87
;;25;38;;;69;78;88
62429;;;23;31;40;52;;71;
;13;27;;41;53;66;;
;;;39;46;56;;77;86
62455;1;;20;;41;52;61;;
2;;24;31;46;55;;;
;;28;32;47;58;;78;
62528;1;;21;;;54;60;;81
2;16;;34;;;64;74;
;18;24;36;44;;;76;
62712;;12;21;;;50;62;;82
4;;23;;42;53;67;;
;;25;;;56;69;78;90
62719;;12;;32;41;52;;;80
;15;26;35;;53;62;;
;18;;;48;58;65;76;
62955;4;;;30;43;;;71;82
5;;26;31;45;57;;;
;17;29;33;49;;;78;
63147;;11;;31;;54;61;74;
8;;26;;;;68;78;88
9;19;;38;44;;69;;
63344;;11;20;31;44;;;73;
2;12;;;45;58;;76;
3;13;28;;;;64;;90
63462;;14;22;;43;51;61;;
;16;27;33;;;64;71;
;17;;35;;57;;77;87
63555;;10;;32;41;;60;;85
4;15;;33;46;;;;87
6;;;37;;;66;78;88
63689;1;;20;31;;;64;;86
2;15;;;;55;65;76;
3;;29;;;56;;78;89
63822;3;;;;41;50;;71;82
;13;;;43;53;63;74;
;;28;39;48;;66;75;
63851;7;;;30;42;;62;72;
8;13;;38;;54;;73;
9;15;;;;57;65;;89
63960;;12;20;;40;;60;72;
8;15;21;;;52;;;84
;17;23;;;57;68;76;
64064;;12;20;;;;60;71;80
3;;21;37;;53;;74;
7;;27;38;49;;;79;
64092;;12;25;31;45;;;;83
4;13;26;33;46;;;;
;19;;;49;56;;78;87
64141;;;21;33;46;;;72;80
6;15;;;;58;;78;85
;19;;;;59;66;79;90
64471;1;10;;30;;52;;;82
3;16;;38;;55;;;83
;;;39;48;;68;78;84
64474;1;;22;30;;;63;75;
4;;;31;44;;67;77;
8;18;;;;56;69;;88
64694;;14;;31;;50;60;72;
;;22;;46;;65;73;88
;;;34;49;54;69;;89
64705;;10;24;;;53;64;71;
;;27;34;42;;;78;87
8;;28;36;;;68;;90
64854;4;12;;31;;53;60;;
6;13;;;;56;62;75;
8;15;24;;49;;;;88
64916;2;;21;30;40;;;;82
;;22;31;;54;;77;87
;19;29;39;46;;;78;
64932;;12;22;;;54;61;;81
6;13;;;46;;;73;85
9;;;33;48;;67;75;
65012;3;;;;;53;63;74;80
;14;;;46;;67;76;81
9;;;;49;57;69;;90
65021;;;23;;41;51;;72;81
3;13;27;35;;;;75;
6;;28;38;;59;;;89
65116;4;10;20;;;;65;;80
7;16;21;34;;;;;81
9;19;;35;45;;67;;
65126;;10;;30;43;52;;70;
;11;25;;;;64;73;86
5;;;34;48;57;66;;
65158;6;;20;;41;;60;;81
8;;;33;42;57;67;;
9;19;;;43;59;;76;
65204;;10;20;;;;62;71;86
4;12;;;46;56;63;;
9;19;28;;;;67;76;
65281;;;23;34;40;;;73;85
3;;26;35;;54;;;86
;19;;39;49;57;67;;
65299;;;22;31;43;51;;;80
;16;25;;48;52;;75;
;17;;38;;59;66;77;
65348;;10;;;40;52;;75;81
;14;;34;43;;63;;83
;;28;39;47;;68;79;
65392;;;22;;44;51;60;72;
;;23;;45;53;;74;84
7;17;;;49;57;66;;
65396;;14;23;;;52;;74;80
4;;;34;43;;64;77;
9;;29;37;44;;65;;
65498;;;23;35;41;50;;74;
5;;24;;42;;;75;86
8;;;37;44;53;;;89
65705;2;;;;46;53;60;;81
;;23;;47;56;62;71;
8;16;;;;;67;75;89
65720;;10;21;34;;;63;73;
5;;25;;46;55;65;;
9;;28;;;58;;79;90
65735;2;;21;;45;;60;;84
;14;24;;46;56;;;85
7;17;28;;;57;;;90
65941;1;;20;30;41;;;;81
;17;;31;42;54;;;82
8;;25;35;;58;;;90
66083;1;11;20;;;52;60;;
4;15;;;46;55;;;83
8;;23;37;48;;67;;
66150;1;12;23;32;;;;71;
5;13;25;;;;67;;83
;16;28;36;49;54;;;
66308;;11;;;44;52;62;;87
7;12;24;;46;;63;;
;15;26;;48;57;;;90
66650;;;25;31;42;;62;71;
3;;28;;43;;63;73;
9;16;;;;58;67;;89
66710;2;13;23;;;51;;72;
;14;27;;44;52;64;;
5;;;;;55;66;78;89
66729;2;;;;40;52;;71;80
;15;22;35;42;54;;;
8;;24;;;58;68;;88
66733;1;15;25;30;;;;;81
;17;27;34;48;;;73;
;;;36;;59;69;74;90
66862;1;11;;30;;;61;70;
;;22;33;46;57;;72;
5;;;36;;58;68;;84
66997;1;;;31;;50;60;;82
7;16;;35;;51;63;;
8;;29;;;52;;79;89
67132;1;;;32;44;50;;72;
;17;24;;;;61;74;87
7;19;;;;59;;75;88
67183;;10;22;34;43;;;;80
;;27;37;48;56;;76;
8;;;39;49;59;;;87
67214;4;;;31;41;;60;70;
;14;25;32;45;;;72;
;;29;36;;58;;76;85
67362;;11;25;;41;;;71;80
5;;27;;46;;68;76;
9;;28;;;56;69;;90
67370;;10;21;;;50;60;71;
4;13;22;;;51;63;;
;;;34;47;58;65;79;
67557;6;;22;31;41;;61;;
;;25;37;45;57;;;89
;19;;39;46;;;78;90
67619;4;11;20;32;40;;;;
6;;;35;;;62;72;84
9;;25;;;57;69;78;
67670;1;;20;31;;52;60;;
;11;23;;;56;;73;88
;;25;34;;58;68;78;
67678;6;11;20;;;51;;71;
;13;22;36;;;;72;85
9;;;;47;59;;75;86
67718;;11;20;;;51;60;71;
;12;;34;44;53;;73;
;17;;38;48;58;62;;
67816;2;;;31;;51;60;;82
;16;26;34;;;;77;87
7;;;;49;;66;79;90
67883;4;;;30;40;;;71;82
;;25;;42;55;;75;85
7;18;;35;44;;;77;
67896;;12;;33;41;;61;72;
4;;28;;;;67;74;89
7;;29;36;48;;;;90
68023;1;;22;;41;;;70;80
6;;28;32;;56;;72;
;19;29;;43;59;68;;
68174;;11;;30;;52;61;;80
;17;23;;;;68;75;84
8;18;;38;;58;69;;
68431;3;;20;36;42;;;;80
;14;27;;;53;;73;83
;;;;46;56;69;79;87
68462;;12;22;36;;;63;;80
;16;27;;43;55;;75;
9;18;;39;45;;;;89
68543;;10;23;31;45;;;;81
;;24;33;46;;66;76;
;18;26;35;;59;68;;
68548;4;;20;;;51;62;;81
;12;26;;46;;;75;84
6;16;;37;;57;;76;
68599;;10;21;;42;53;;;80
;11;;36;;56;67;;86
9;16;;37;47;57;;;
68737;2;;;31;;50;61;74;
;12;;35;;58;62;;88
;14;;37;45;;;78;90
68812;2;14;23;;;53;61;;
;16;;34;;56;62;;83
;;26;37;47;59;63;;
69021;;10;23;;42;51;;;80
8;12;;35;45;;;;81
9;;28;39;46;;;79;
69192;5;13;;;42;;63;;80
8;17;;;44;52;;76;
9;19;27;;49;;;;87
69216;1;12;22;;;;61;;81
6;14;;;45;54;;;84
7;17;;37;;56;;;85
69244;1;13;;;42;52;;70;
;15;26;36;;53;;73;
;18;28;37;;;69;;90
69249;;;21;31;;50;;70;82
;;;33;;53;65;73;86
5;16;;;49;;66;77;
69405;;10;;31;42;50;;70;
7;11;;;46;;;72;81
9;;29;38;47;;;;86
69436;1;;21;;41;;;75;80
;18;25;35;46;;;;86
4;;27;;49;;69;;90
69600;3;11;23;;40;50;;;
4;15;;;45;57;;;84
5;19;;;48;;67;76;
69650;1;;;31;;51;66;;80
6;;25;33;;;67;73;
;18;29;36;49;55;;;
69931;;11;21;33;40;;;73;
5;16;22;;;;;74;83
7;17;28;38;;;;75;
69985;1;11;;30;;50;;74;
;;27;;44;55;63;;89
;14;29;;;58;69;;90
70002;;15;;32;42;;61;;85
7;16;26;;;55;66;;
9;17;;36;;;;75;90
70018;5;14;20;30;;;;75;
7;16;;;;57;;78;83
;;28;38;;59;69;79;
70061;2;;;32;;55;62;70;
4;;;;43;57;63;73;
;;29;38;;59;68;;89
70207;;10;23;;;50;62;72;
4;11;;;44;51;;;88
9;13;;38;48;52;;;
70271;;;;30;;50;60;70;82
4;18;;;;53;61;;86
9;;24;;;59;65;;87
70286;2;;;35;;50;60;71;
;15;26;37;43;;65;;
;16;29;39;;55;67;;
70288;4;;;32;;50;63;71;
7;;;;43;51;67;;84
8;18;;;;;68;79;88
70378;5;;23;31;41;51;;;
;15;;33;45;;;73;89
;;;36;48;57;69;78;
70381;7;10;;35;;;;70;80
8;;;36;;53;65;72;
9;19;27;;;;69;79;
70430;2;12;20;;44;;;;80
;13;22;;;;62;72;81
9;18;;;;59;66;77;
70449;;15;;32;;;63;72;81
;;24;;;58;65;73;83
9;18;;;49;59;68;;
70508;1;14;;;;;63;70;83
3;17;23;;45;;64;;
;;25;;47;52;65;76;
70550;;12;22;30;;;63;71;
;14;28;33;;56;;;83
;17;29;34;;57;68;;
70556;;;21;31;;50;64;;84
;13;;32;;55;65;;86
7;17;;;;59;67;;88
70575;;10;;;;51;60;76;82
5;;;;46;52;62;;86
9;17;;38;49;53;;;
70692;;13;21;31;;55;;71;
;17;;32;42;;67;;83
6;;25;37;;;;78;89
70750;3;16;20;32;42;;;;
;18;26;;45;;66;75;
9;;28;37;;;69;;89
70780;;;22;35;;52;64;71;
;12;24;;44;;66;;86
;15;;39;;58;68;;87
70969;;11;24;30;;;61;;84
;17;;32;46;54;62;;
;19;29;;47;57;65;;
71007;;13;20;;;52;60;70;
6;18;;;44;;64;72;
;19;;37;;;69;79;88
71009;1;12;;30;;50;63;;
6;13;22;33;;52;;;
;;27;35;49;56;;78;
71030;1;10;20;;44;;;71;
;;;;45;53;67;74;87
7;16;;;;55;69;;89
71247;;12;21;33;40;;;;80
2;;;37;47;;;76;85
;19;;;48;58;;77;90
71441;;12;23;31;41;;62;;
6;17;26;;;53;;73;
7;;27;37;;54;;78;
71447;2;;21;;42;53;;;82
3;;24;;;;63;73;84
;;25;38;49;57;;;89
71537;;11;24;;;50;69;77;
1;;26;30;;51;;;88
8;17;;34;;57;;;90
71710;;14;;32;;50;65;;84
;16;24;;;53;;76;85
;;28;;48;;69;78;90
71877;;14;20;;43;;60;;81
;17;22;;;55;61;74;
;;25;38;48;57;;79;
71914;3;14;;;41;50;61;;
;15;22;35;;56;66;;
;;23;;47;58;;79;90
71969;1;10;23;;;54;61;;
2;;;;;58;65;73;84
9;18;27;;;59;;74;
72143;3;;22;;;50;62;;83
6;;;;45;52;;72;87
;19;26;36;;;;76;88
72337;;13;22;;45;51;62;;
4;14;28;;;54;65;;
6;;;39;47;58;;79;
72384;1;;;32;42;;62;70;
;13;23;;;55;;73;85
3;;;39;;;69;74;89
72459;;13;22;33;41;;;;82
3;16;;34;;56;62;;
7;17;;;47;57;;79;
72507;;11;;;41;53;;73;83
5;12;;38;45;;;;87
8;;27;39;;59;;;90
73149;1;;20;;43;;61;70;
7;14;;38;;54;;;88
9;;;39;49;;;75;90
73155;1;11;23;31;42;;;;
4;;;37;45;;;76;84
;13;25;;49;;67;;86
73301;;12;;31;40;;;71;84
4;;24;36;44;;;;87
;18;26;39;48;;64;;
73436;1;10;20;;;50;;;87
5;11;22;;45;;65;;
6;;;35;49;59;;;90
73557;;;;33;41;51;;74;81
5;;21;34;;;65;;82
;15;26;;46;;67;;86
73664;2;;20;;41;;60;70;
4;11;;38;44;;64;;
9;;;39;47;;69;;88
73773;;;24;31;41;;;70;81
6;14;28;;;;;73;88
;;29;;;58;69;76;89
73895;;13;22;;;;64;72;83
;16;25;37;42;;65;;
;;28;;43;56;;79;88
73926;2;;20;;;51;63;;80
;15;;34;;53;;74;86
;16;29;35;;;65;75;
73973;;13;24;33;41;;;;80
;16;;34;;;65;72;84
4;18;;35;49;;;73;
73982;1;;22;31;;;63;;85
;15;;;43;;65;75;86
6;18;25;;;59;68;;
74011;;13;21;31;42;;;72;
;15;26;37;43;51;;;
7;;27;;;59;;78;88
74122;2;14;22;;;;;76;87
;;;32;44;;64;78;88
7;19;27;;49;;;79;
74418;;13;21;;41;;60;;80
6;15;;;45;57;;;83
;19;;38;49;58;;;89
74484;1;;;33;;52;60;72;
2;16;23;;;;62;74;
6;;;39;;59;;76;90
74520;;;;;44;54;61;71;81
;;24;;46;;64;73;85
;;25;;;57;66;74;86
74706;;;20;;;56;63;71;81
;17;21;;;58;64;;83
;18;;;;59;67;79;86
74890;;;;34;45;52;63;71;
7;17;;;47;;66;78;
9;;28;;49;;67;;83
74922;2;;20;30;;50;61;;
5;;;36;41;;67;;85
9;;25;;;58;68;;86
74940;2;10;;35;40;52;;;
;15;24;37;;55;62;;
;16;27;;47;56;;77;
75064;;;21;31;;;60;74;82
;;;33;45;53;62;;86
5;18;;;46;58;;79;
75593;2;;20;31;43;;;;83
;;25;;;51;64;76;88
;19;29;;49;55;;;90
75669;2;;23;32;41;;61;;
3;11;26;;;;;74;84
4;;28;37;47;;;;90
75755;;;21;31;;54;62;;80
7;14;26;;45;;;74;
;;28;37;46;57;;;86
75886;;12;21;;40;;;70;80
7;16;24;;;56;;75;
;18;28;;;;69;79;84
75943;;;;30;;51;62;70;81
2;;;35;;;66;73;83
;;28;;48;53;67;;90
76099;1;14;22;;;54;;70;
2;;;35;;55;66;;82
9;18;;36;44;;68;;
76510;;;20;31;44;;60;70;
7;18;22;34;;;;;84
;;;35;49;59;;77;90
76536;2;13;22;;;50;;71;
6;;24;33;;51;;;86
;19;;37;49;;66;75;
76567;2;;24;30;;53;;;81
7;16;26;;;56;;;84
8;17;28;;44;;;;89
76568;1;11;;;40;50;;72;
4;12;24;;42;;;;85
;13;26;;;59;67;;87
76572;;14;;;43;;62;70;83
;17;24;36;;;;71;85
8;;;37;;58;68;;90
76589;;10;;35;43;;60;;84
7;14;;;45;52;;;87
8;18;;39;;;67;;90
76617;6;12;23;36;;;;70;
;17;25;;43;;;75;86
9;19;27;;;59;;76;
76701;;13;21;35;;;60;71;
5;;;36;;57;63;74;
;;27;;48;;64;79;87
76865;;12;21;;41;;;77;81
;;24;34;43;;;78;83
;;;;49;58;66;79;86
76880;7;14;22;;;52;;75;
;18;26;;42;55;;76;
;19;;39;47;59;;;90
77255;;11;21;;42;50;62;;
5;;26;38;43;;;;85
;18;;39;;57;67;;89
77338;;;20;32;40;;62;;84
;14;;;;57;63;73;85
;15;;38;;;68;76;90
77344;3;;21;;45;;64;;80
;15;;34;46;54;;73;
6;18;;37;47;;;74;
77397;2;12;20;36;40;;;;
5;16;23;38;;;;73;
7;18;27;39;;;;;90
77407;2;;25;31;40;;;;84
3;13;26;33;;;;;85
9;;;34;;;69;78;87
77524;2;10;23;32;;;;;82
;;27;33;48;;66;;83
9;;28;;;59;;78;87
77905;;11;;32;41;51;;75;
5;15;;;45;;66;;88
7;16;;;49;58;;79;
77927;1;;;;42;51;63;72;
4;15;;34;;55;;;88
8;;;35;;56;65;;89
78077;;;23;31;;;61;73;85
;;24;34;;58;62;;86
;15;28;36;;59;;;89
78126;1;10;20;32;41;;;;
;16;;36;46;;62;78;
;17;;;47;56;69;79;
78253;3;15;;;44;;61;72;
5;16;23;;46;;64;;
7;;;37;;;67;76;87
78263;;14;21;30;40;;;74;
4;17;;;43;;64;;83
;18;;;44;;66;78;90
78265;;;;31;41;50;62;;82
;18;24;34;;56;65;;
;19;;37;44;58;;79;
78413;;;23;;;50;62;77;82
2;13;;;44;;63;;84
8;15;;;;58;68;;88
78422;;13;20;30;44;;;;81
5;14;;31;;;;75;82
9;;;;;55;67;76;84
78552;1;10;21;;;;;72;84
;11;;36;;52;66;73;
;16;;;48;55;;79;87
78563;1;;;;40;52;62;;85
5;;25;38;47;;;73;
7;17;;39;;;;76;88
78647;;;20;32;43;;60;;83
4;13;26;35;44;;;;
6;17;27;;49;59;;;
78730;1;;;30;;50;62;;83
2;17;;31;;;;71;84
7;;29;34;;58;66;;
78766;;11;;30;41;;67;;83
6;13;;;42;52;;;84
7;;22;38;49;;69;;
79001;;;23;;41;50;64;75;
6;;;34;;58;65;77;
7;19;;;49;;67;;89
79027;;10;21;31;;51;;;81
;;;36;46;;68;73;83
8;17;;39;;;;78;90
79053;;11;21;30;41;;;73;
;12;;31;;56;61;78;
7;;28;;46;;65;;88
79066;4;;21;36;;52;;73;
;13;;37;47;;68;;81
9;;;;48;56;;78;86
79590;1;12;;;42;;61;;85
;16;;33;43;;63;73;
4;;;39;45;57;;74;
79776;3;;21;33;;51;;73;
4;;;34;;56;;77;88
8;19;;;48;;;79;90
80245;3;11;;33;40;;;70;
7;12;;36;44;;;;87
;17;;37;48;;;74;89
80293;;;21;34;;54;62;;80
;15;;37;;57;66;75;
;;26;39;;59;67;78;
80313;;15;;34;;54;60;;80
4;;;;43;56;61;;86
8;;;;45;59;67;79;
80802;3;;20;30;;;60;70;
;17;21;;;53;63;74;
5;19;;39;;56;;77;
80929;1;10;21;30;;;;71;
3;16;22;;;58;;;87
6;18;;39;48;;;;89
80975;;10;20;;43;50;;;80
;16;24;34;44;;;75;
;18;;39;47;57;;77;
81035;;11;;;;51;61;72;85
6;;;32;48;52;;;87
8;18;;34;;;66;;88
81073;;;21;;42;51;;72;82
6;14;26;35;;;62;;
9;;27;36;;;64;78;
81242;3;;23;;;52;62;75;
8;15;25;;43;;63;;
9;17;;;44;59;;;90
81561;;;20;;44;54;;72;80
2;17;;33;;;;73;82
6;;;;;57;65;77;87
81618;;;20;31;44;50;61;;
;;;36;;52;65;77;84
9;17;29;39;;;;78;
81772;1;14;;30;42;;;70;
5;16;24;;43;51;;;
6;19;;37;;54;;78;
81914;;;;33;41;52;;71;83
6;15;;35;;;66;74;
;19;27;39;47;;;;88
81982;1;;;34;42;51;61;;
;13;;;43;52;;73;87
;17;28;;;54;68;;89
81993;5;;;33;46;51;;70;
7;;23;;47;52;62;;
8;;26;39;48;54;;;
82095;1;;23;;;50;60;;84
;16;;33;;53;;72;85
;;29;34;;58;66;78;
82283;2;;21;35;;52;;;80
6;12;;;45;53;63;;
8;;;39;47;56;;;90
82342;;;;31;40;51;64;70;
;17;26;32;;54;;;86
7;18;29;;;;69;;89
82440;;;20;31;;52;61;;80
3;13;21;;;56;;;81
;19;;;48;;66;77;87
82637;3;;;30;;51;60;70;
6;;;35;;54;;76;84
;18;28;37;;59;;77;
82775;3;;21;30;;51;60;;
;;;;44;53;62;78;83
;;26;;47;55;65;;89
82872;1;;23;;42;;;70;83
;17;25;33;43;55;;;
9;18;29;;;58;;73;
83044;1;;;37;44;;;71;80
3;16;;;45;58;;;83
;;;39;49;59;67;79;
83084;4;;;30;42;;;72;82
;15;25;34;48;;;75;
7;;;35;;;69;79;90
83227;2;16;;31;;;;71;80
6;18;26;34;;;67;;
;;27;38;;59;68;78;
83298;;16;21;;40;;61;;82
;18;25;38;44;58;;;
;;;39;;59;67;78;90
83507;;;;;42;56;62;71;80
;16;24;;;57;65;;89
9;19;;37;;;;75;90
83676;2;12;;37;41;;;;80
;14;;38;;57;;76;86
;16;;39;46;58;;;90
83740;3;;20;30;;50;;;81
8;12;21;;;52;;;86
9;15;24;;;59;67;;
83942;;11;;36;43;50;;70;
;;27;;47;53;66;75;
9;13;28;39;;;;;87
83960;2;14;23;31;;;60;;
;15;25;32;;51;;;83
;17;29;36;48;;;76;
84138;5;13;22;32;;;;71;
;;;36;;54;65;75;85
;16;29;;45;57;;;86
84143;5;;;;44;51;;70;82
;;28;36;;53;65;73;
9;;;38;;54;69;78;
84186;;;20;32;;50;62;;83
3;;;33;44;;;75;86
7;18;;37;;;;76;90
84378;;;24;31;;50;62;72;
;12;;;43;52;66;73;
5;19;29;37;;;68;;
84439;1;12;;34;;50;60;;
;;27;;42;;61;73;84
;16;;;48;;69;77;88
84566;1;;24;;43;;63;;83
2;;;;44;;66;75;84
7;;28;;47;59;;76;
84765;2;11;25;;;;64;;80
;;26;36;45;;;71;87
6;;;39;49;;;76;88
84839;4;11;;;;52;;73;84
6;13;28;;;55;67;;
7;19;29;39;47;;;;
84887;2;;;;;50;63;71;81
5;;22;34;47;;65;;
;17;26;38;48;;66;;
84902;;12;;;;55;60;70;82
;13;;34;43;;64;;87
;15;29;37;;59;67;;
84996;3;;;35;;52;;71;83
7;15;;37;;;;75;84
;;25;38;49;;65;;90
85056;;13;20;30;;53;;70;
5;14;;31;;;66;;86
7;;;;;57;68;74;88
85107;4;;21;34;41;;;;84
5;12;27;35;;57;;;
9;;;37;46;;67;;90
85187;;10;;;44;;60;70;81
;;;35;;52;65;71;86
7;19;;;48;;69;75;
85308;2;;;34;;;62;72;81
5;;23;35;;51;;;86
;;;39;46;56;;76;89
85597;1;;20;;40;50;;;80
5;;25;;;57;64;78;
;17;29;;;;66;79;88
85780;1;;23;32;42;;62;;
;18;26;;;55;64;;83
;;;39;47;58;;79;87
85835;;;22;;41;50;60;;83
4;;26;34;;54;;76;
5;;;;49;56;;77;88
85999;5;10;;33;;53;;;82
;;24;35;;54;65;74;
;19;27;38;;57;68;;
86079;;10;21;;40;56;63;;
;13;24;32;;57;;;87
;18;;39;47;58;67;;
86141;1;11;;;;;60;74;80
7;13;;;;54;;77;83
9;18;;39;;56;;;88
86434;5;10;;31;;53;61;;
7;11;;;43;55;;;81
;17;;38;44;59;65;;
86439;;;20;32;;55;61;;85
;13;22;35;;56;68;;
7;;23;;47;;69;;90
86583;;13;;30;42;;62;;80
4;;26;32;45;;65;;
9;17;;35;;;66;78;
86838;;;20;;45;54;65;;87
4;11;;35;46;57;;;
7;;27;;;58;;79;89
86957;;13;;;;51;60;70;82
3;18;25;34;;;;;84
9;;29;;;;68;76;87
87331;3;13;;33;;;;73;80
5;;26;;43;57;63;;
7;;;;44;59;69;78;
87348;;14;27;32;40;;60;;
;16;;;;53;61;75;84
9;17;29;;45;54;;;
87487;;10;22;32;;53;60;;
4;15;;34;48;;;;86
8;;29;39;;;64;79;
87728;3;;;;;50;60;73;80
6;14;;;46;;62;;89
8;18;29;;47;;;75;
87881;4;;20;;;50;;74;81
8;12;;;;56;64;75;
;19;27;;48;;68;76;
87906;;13;;31;41;;60;;83
;15;27;35;;57;;;87
8;;;;49;58;;76;88
87971;3;10;;;;50;63;71;
;11;25;37;;;;75;85
9;;28;38;;;67;;86
88117;;15;24;;41;;60;70;
;;25;34;42;53;;77;
;;27;37;;56;68;79;
88187;;;22;30;;51;62;70;
5;12;;;44;52;64;;
;17;29;34;;55;;;85
88199;;16;;;;50;62;70;81
6;;28;33;;54;;74;
;19;29;;;;66;75;90
88249;4;10;;32;;;65;72;
;;21;;44;;66;77;87
;13;28;39;45;57;;;
88351;;10;25;33;41;;;73;
;12;;37;46;51;;75;
8;19;;39;47;54;;;
88569;1;;21;;;55;;72;83
2;;23;;;;68;77;85
;19;27;38;48;;69;;
88609;3;10;21;30;;;61;;
;;22;;;55;68;73;88
9;19;26;;43;56;;;
88645;1;13;;32;;;;72;82
;16;27;;;;64;77;84
;18;;;48;59;67;79;
88738;2;;20;;;;61;74;83
5;13;21;;43;;;;86
9;16;29;;;;66;78;
88747;3;;20;;;50;64;;81
7;18;;;;;65;73;84
8;19;27;;;56;66;;
88827;3;11;23;;;51;;74;
6;;;35;48;;65;76;
;;;38;49;58;66;;89
88860;;12;;;41;53;;72;81
;16;;35;43;54;;74;
7;;28;39;;57;;;89
89092;;;20;;40;50;63;;82
;13;22;;41;52;;73;
9;14;;35;;56;;78;
89230;;13;22;;40;;62;;82
6;;;36;42;52;;;84
;16;25;;47;;;77;87
89347;;12;21;;41;54;;;81
2;14;;;;55;65;73;
;;26;38;49;;;78;90
89354;2;10;;;;53;;74;86
4;;;36;;54;;76;87
6;16;29;39;;57;;;
89363;2;;;32;;51;;70;85
;;27;35;43;52;62;;
8;19;29;;;56;;79;
89392;;12;23;33;;50;61;;
7;;25;36;45;55;;;
9;;;;47;57;68;;90
89393;2;11;;;;;63;72;80
;;;34;47;;65;77;84
8;14;29;35;;;;79;
89468;5;12;21;;;51;60;;
;13;24;;43;55;;;87
9;;26;39;46;;67;;
89527;;11;22;30;;;;72;80
5;16;;34;;;65;77;
8;18;29;;46;;;;90
89543;;14;24;33;;;;72;81
2;;28;;42;;63;;83
;18;;;;55;67;79;84
89759;1;10;;31;44;;62;;
5;;;35;47;;67;;85
7;;29;37;;59;;78;
89871;2;;;31;;53;60;;84
3;17;26;;;;;73;86
;;;39;;58;68;76;87
89882;3;;21;;;;60;70;85
4;18;;36;;56;;;89
9;;;;44;59;67;79;
89994;2;;;34;40;;63;70;
;12;24;35;;57;64;;
;17;;38;44;;66;75;
90128;;11;21;;;57;64;;83
;;22;33;45;58;;;85
9;;26;;48;;69;78;
90259;1;;;34;41;;;70;80
4;;27;;;56;;72;83
7;19;;;48;;;78;84
90354;;11;;35;43;52;;70;
;12;;36;;53;;76;84
;15;;;49;57;67;;88
90487;;14;;33;43;;63;72;
;16;;34;44;53;;;85
8;;25;;48;58;;77;
90686;1;;;;;54;60;71;87
3;15;;35;;55;;;88
7;;;39;;;64;78;90
90729;;13;;;;52;60;70;83
;;24;;46;;62;75;89
9;18;;37;;57;66;;
90924;;11;23;30;;57;;;81
5;13;24;;;58;;77;
;17;26;33;47;;;;90
91034;;10;22;34;;50;61;;
4;14;;;44;;63;;84
8;19;;;48;58;68;;
91202;2;;;35;40;;;71;85
;12;23;37;;;63;76;
9;18;25;;48;;;79;
91214;4;10;;35;;53;;70;
;;25;;45;57;64;;85
;14;26;37;;59;;;90
91221;4;;22;;;50;;72;85
;11;23;;;52;;73;86
;16;29;39;;55;65;;
91366;1;;;31;40;;;70;80
4;15;26;34;;56;;;
7;;29;35;47;;;77;
91581;2;14;21;;45;;;76;
6;;;;46;52;67;;84
9;18;;;47;57;;;88
91915;;;23;30;;55;;70;82
6;14;;;45;;63;;84
9;15;;;;59;67;74;
92004;;10;;33;41;53;65;;
;12;;34;;;67;74;87
5;18;26;;49;;;78;
92194;1;13;23;34;;;;73;
3;16;;36;;56;62;;
7;;29;39;;58;65;;
92212;1;14;;31;;50;;74;
4;;;33;48;51;;75;
;19;;36;;59;69;77;
92263;;;20;32;43;52;64;;
8;;21;;44;;65;;82
9;;;39;;56;69;77;
92268;3;15;22;;43;;;74;
;17;;35;;52;65;76;
6;19;28;;;;66;77;
92352;;10;;;;52;63;71;81
5;17;;;48;53;;;87
9;18;;37;49;;;79;
92419;;;22;;;51;65;72;83
6;;27;35;;;;76;88
;17;;38;46;58;68;;
92498;4;;;31;;51;60;73;
6;;25;32;;55;63;;
;;27;33;;;64;79;90
92502;;12;;;45;55;60;70;
;15;25;36;46;58;;;
;16;27;38;49;;66;;
92505;1;;;;47;52;62;;85
2;13;;;;;64;73;87
7;;;38;;;68;74;90
92614;2;;21;30;;;61;70;
7;15;;35;;51;;;83
9;;27;39;;;;79;85
92745;;11;22;;;50;60;;87
6;17;23;;;53;;73;
;18;27;;46;;;77;89
92932;1;14;;31;;;;75;80
;;24;33;45;;;76;85
;;28;39;49;;67;78;
92941;2;;21;;41;53;;;80
;;;35;47;;63;71;83
8;;26;;48;59;;77;
93060;4;10;22;;;56;;;82
5;;;31;45;57;;73;
8;18;24;36;;;;;89
93342;;;;33;42;53;60;;81
7;;24;;43;54;;;83
;15;;;48;56;66;;88
93471;2;;;;42;51;66;72;
6;17;;;44;;;74;87
;;;39;47;56;69;76;
93494;2;;;30;40;53;;;82
5;18;23;35;;;;77;
9;19;;;48;;;78;89
93638;;13;;36;42;50;;;81
;;;37;44;53;66;;82
8;16;25;;;;;79;83
93793;1;;21;;45;;63;;82
2;;;32;;55;64;72;
;18;26;;49;59;;78;
93852;;;22;33;;50;;72;81
5;;23;;43;52;;74;
8;16;;;;54;67;;89
93878;2;17;22;;;;61;72;
7;18;;32;;52;;;86
;;28;35;47;58;68;;
94008;2;10;;31;;51;;70;
;11;23;36;;;63;;84
7;;24;39;;54;;;89
94064;5;13;;;42;;62;;83
;;26;34;43;;;76;84
;;29;38;44;;68;78;
94146;;;20;30;44;;62;;80
5;17;;32;;58;;;82
;;25;33;49;59;;79;
94220;1;13;21;;40;;;72;
2;17;;;44;54;63;;
;18;;38;48;;69;;85
94238;1;10;;;;;65;70;83
2;15;27;;45;;;75;
;;;;47;59;67;76;86
94272;1;12;;34;;;61;71;
;15;;35;;;62;76;86
;;;38;;58;66;78;87
94457;5;;21;;41;57;;;87
6;14;;;43;;;76;89
;;28;37;47;59;;;90
94536;7;11;22;30;;52;;;
;;26;35;;53;67;;81
9;;;;;58;68;75;90
94544;;12;;31;;50;60;;80
;;24;32;;53;65;73;
9;16;;;;57;;79;87
94577;;11;;31;;;61;74;80
;13;;;;54;63;75;86
;;;34;49;57;64;77;
94801;;10;21;31;;52;61;;
;;;34;;56;62;74;85
9;19;27;;;57;;76;
94972;;10;20;;;52;61;;85
;12;24;37;;54;;;87
9;;;39;;57;66;;88
95139;;;22;31;;51;65;;83
6;13;26;;43;;;;84
;;29;;46;58;;74;89
95522;;;23;;44;57;;70;82
7;;27;32;;58;65;;
;17;28;39;;59;;78;
95589;;;21;;45;50;60;;82
;12;;36;;54;62;74;
9;18;28;;;57;65;;
95696;;12;22;;40;50;63;;
;14;23;33;47;;;74;
7;15;;34;;56;;79;
95884;;11;21;30;40;;;72;
;;;34;45;53;64;73;
8;;;36;;;66;76;90
95993;;;23;35;41;52;;;83
;13;28;;;57;62;77;
;14;29;;49;;67;79;
96194;1;;;;40;;62;70;85
;;26;;;55;65;72;87
5;19;;;49;;69;77;
96209;2;14;;30;42;;;72;
3;;;34;43;;62;77;
;;24;37;48;59;;;85
96314;3;11;;31;43;;;;84
5;;25;37;44;;;78;
9;;29;38;;;69;;89
96434;;16;;34;;50;60;;82
5;;25;;;55;;73;85
;19;;39;49;;;79;89
96546;3;;;30;;52;;71;80
4;;24;;;54;65;;83
8;;;33;49;;69;;84
96688;;13;25;31;;50;64;;
7;;;;45;53;;72;86
9;;;39;47;54;;;90
96747;;11;20;30;41;;;70;
5;12;23;;44;53;;;
;13;25;;47;56;;;89
96859;6;12;;31;45;;66;;
7;16;;;47;53;68;;
;18;;33;49;;69;;88
97029;1;;;30;41;;64;;80
2;14;21;34;;57;;;
;16;23;;;;68;79;84
97049;2;13;24;;;50;;77;
;14;25;34;;52;;78;
9;17;;;49;;;79;85
97241;;12;21;31;;;60;73;
;13;24;32;42;;;;87
;15;26;34;49;;;;88
97355;;12;21;31;42;50;;;
;13;22;35;44;56;;;
9;;27;38;46;;;;89
97381;2;10;20;;;53;;72;
4;14;;;41;;66;;82
;;26;36;44;;67;;90
97399;1;12;22;33;;;;70;
2;15;23;;44;;65;;
4;18;;39;46;;;79;
97428;1;;20;;;;60;71;80
7;;21;;;57;67;;86
;18;;;47;58;;78;89
97572;6;14;20;30;44;;;;
;18;;31;45;54;;76;
9;;;38;48;;;77;87
97674;;;;30;40;53;63;74;
2;17;21;31;43;;;;
;;27;38;46;;;79;90
97762;4;10;22;32;41;;;;
;14;25;;;;68;76;86
;15;28;39;49;;;78;
97772;;11;;;;53;63;75;80
4;16;22;;;56;;;82
;17;27;;49;59;;78;
97873;;;;30;41;;60;70;80
8;;;33;43;52;;72;
;16;24;;44;;68;;87
98042;1;10;;;41;51;60;;
8;11;28;;;;64;;84
;14;29;39;49;;69;;
98109;1;;;32;;51;62;;82
;;28;;42;52;;74;89
;;;;46;54;69;78;90
98184;;12;;33;;50;61;71;
8;;25;35;;56;;;82
9;17;;;;58;63;76;
98258;2;10;;30;43;;;70;
;;26;;46;55;65;71;
8;;29;;;59;68;73;
98269;1;;21;;40;;62;;85
3;15;22;;;;63;;89
;;23;;44;59;;77;90
98290;;10;;;43;53;62;71;
6;;25;37;44;;;;85
;16;;;49;59;;75;89
98375;;12;20;;40;50;61;;
5;;24;35;;;66;75;
;;27;37;;59;67;76;
98413;1;10;;30;41;52;;;
5;11;22;;;55;;;87
;;24;34;45;58;;;88
98520;;10;;34;40;51;;71;
;12;;36;41;;63;;86
;17;29;37;;;64;;90
98723;5;;;30;40;53;;;80
7;;;36;;56;65;;83
9;16;29;;46;;;;87
98846;2;10;22;30;;;;71;
;12;;32;;55;;72;86
;17;25;39;;59;;74;
98902;4;12;20;30;;51;;;
;14;27;34;;;66;76;
;17;;39;48;;;77;89
99038;1;;24;32;;;60;73;
6;;25;33;43;56;;;
;;29;34;47;;69;;88
99089;4;;;;41;51;61;73;
7;16;27;;;52;;;84
9;18;29;38;;;;;90
99158;1;11;;;;50;;73;82
2;14;23;;;55;;74;
9;;;35;48;;;79;89
99175;1;10;23;;;50;;71;
2;16;24;;;;68;;82
;17;28;;45;;69;;87
99371;;11;22;35;41;;;75;
7;13;23;;;;64;76;
;15;28;;;58;69;77;
99376;;14;;30;42;;61;;81
;15;;34;45;53;;;84
;;29;36;46;;68;;89
99383;4;13;;33;;50;;;85
;15;;36;45;;;73;86
;;;39;47;57;69;75;
99500;;;;30;46;51;61;;80
;;24;32;47;;62;;81
;;28;34;48;58;64;;
99503;1;;24;;42;;60;70;
;11;26;;44;54;61;;
;16;28;;48;55;;79;
99528;3;14;;30;42;;;;88
4;;25;31;;;;72;89
;19;;33;;56;;75;90
99606;;14;24;30;;;62;70;
;;26;;46;;65;72;89
;18;28;;;;68;73;90
99874;3;;20;33;46;;;73;
4;;28;36;47;;64;;
6;;;38;;58;67;;86
99885;4;13;;;;;60;70;83
5;;;34;44;;63;71;
9;19;26;37;;;;73;
99955;3;;;30;;51;60;;82
4;14;;;43;;63;;89
9;;29;;44;;64;78;
99965;2;11;;31;41;;;73;
6;;22;32;;58;;;86
;17;28;38;46;59;;;